CREATE DATABASE  IF NOT EXISTS `digital_booking_db` /*!40100 DEFAULT CHARACTER SET utf8mb4 COLLATE utf8mb4_0900_ai_ci */ /*!80016 DEFAULT ENCRYPTION='N' */;
USE `digital_booking_db`;
-- MySQL dump 10.13  Distrib 8.0.26, for macos11 (x86_64)
--
-- Host: localhost    Database: digital_booking_db
-- ------------------------------------------------------
-- Server version	8.0.26

/*!40101 SET @OLD_CHARACTER_SET_CLIENT=@@CHARACTER_SET_CLIENT */;
/*!40101 SET @OLD_CHARACTER_SET_RESULTS=@@CHARACTER_SET_RESULTS */;
/*!40101 SET @OLD_COLLATION_CONNECTION=@@COLLATION_CONNECTION */;
/*!50503 SET NAMES utf8 */;
/*!40103 SET @OLD_TIME_ZONE=@@TIME_ZONE */;
/*!40103 SET TIME_ZONE='+00:00' */;
/*!40014 SET @OLD_UNIQUE_CHECKS=@@UNIQUE_CHECKS, UNIQUE_CHECKS=0 */;
/*!40014 SET @OLD_FOREIGN_KEY_CHECKS=@@FOREIGN_KEY_CHECKS, FOREIGN_KEY_CHECKS=0 */;
/*!40101 SET @OLD_SQL_MODE=@@SQL_MODE, SQL_MODE='NO_AUTO_VALUE_ON_ZERO' */;
/*!40111 SET @OLD_SQL_NOTES=@@SQL_NOTES, SQL_NOTES=0 */;

--
-- Table structure for table `caracteristicas`
--

DROP TABLE IF EXISTS `caracteristicas`;
/*!40101 SET @saved_cs_client     = @@character_set_client */;
/*!50503 SET character_set_client = utf8mb4 */;
CREATE TABLE `caracteristicas` (
  `id` bigint NOT NULL,
  `nombre_icono` varchar(255) DEFAULT NULL,
  `titulo` varchar(255) DEFAULT NULL,
  `producto_id` bigint NOT NULL,
  PRIMARY KEY (`id`),
  KEY `FK23mm31y8xysj01vd7um1v4moe` (`producto_id`),
  CONSTRAINT `FK23mm31y8xysj01vd7um1v4moe` FOREIGN KEY (`producto_id`) REFERENCES `productos` (`id`)
) ENGINE=InnoDB DEFAULT CHARSET=utf8mb4 COLLATE=utf8mb4_0900_ai_ci;
/*!40101 SET character_set_client = @saved_cs_client */;

--
-- Dumping data for table `caracteristicas`
--

LOCK TABLES `caracteristicas` WRITE;
/*!40000 ALTER TABLE `caracteristicas` DISABLE KEYS */;
INSERT INTO `caracteristicas` VALUES (1,'airConditioner','Aire Acondicionado',1),(2,'swim','Piscina',1),(3,'wifi','Wifi',1),(4,'gym','Gimnasio',1),(5,'cajaFuerte','Caja Fuerte',1),(6,'reception','Recepción 24 Horas',1),(7,'airConditioner','Aire Acondicionado',2),(8,'gym','Gimnasio',2),(9,'wifi','Wifi',2),(10,'television','Television',2),(11,'pool','Pool',2),(12,'reception','Recepción 24 Horas',2),(13,'airConditioner','Aire Acondicionado',3),(14,'bano','Baño Privado',3),(15,'wifi','Wifi',3),(16,'television','Television',3),(17,'lift','Ascensores',3),(18,'reception','Recepción 24 Horas',3),(19,'airConditioner','Aire Acondicionado',4),(20,'bano','Baño Privado',4),(21,'wifi','Wifi',4),(22,'television','Television',4),(23,'lift','Ascensores',4),(24,'reception','Recepción 24 Horas',4),(25,'airConditioner','Aire Acondicionado',5),(26,'gym','Gimnasio',5),(27,'wifi','Wifi',5),(28,'television','Television',5),(29,'swim','Piscina',5),(30,'reception','Recepción 24 Horas',5),(31,'airConditioner','Aire Acondicionado',6),(32,'gym','Gimnasio',6),(33,'wifi','Wifi',6),(34,'television','Television',6),(35,'swim','Piscina',6),(36,'spa','Spa',6),(37,'airConditioner','Aire Acondicionado',7),(38,'calefaccion','Calefacción',7),(39,'wifi','Wifi',7),(40,'television','Television',7),(41,'limpieza','Servicio de Limpieza',7),(42,'reception','Recepción 24 Horas',7),(43,'airConditioner','Aire Acondicionado',8),(44,'calefaccion','Calefacción',8),(45,'wifi','Wifi',8),(46,'television','Television',8),(47,'swim','Piscina',8),(48,'reception','Recepción 24 Horas',8),(49,'limpieza','Servicio de Limpieza',9),(50,'jardin','Jardín',9),(51,'wifi','Wifi',9),(52,'television','TV por Cable',9),(53,'kitchen','Cocina',9),(54,'bar','Bar',9),(55,'parking','Parking',9),(56,'jardin','Jardín',10),(57,'wifi','Wifi',10),(58,'reception','Repción 24 horas',10),(59,'bano','Baño',10),(60,'bar','Bar',10),(61,'limpieza','Servicio de Limpieza',10),(62,'limpieza','Servicio de Limpieza',11),(63,'bar','Bar',11),(64,'calefaccion','Calefacción',11),(65,'television','TV por Cable',11),(66,'wifi','Wifi',11),(67,'bano','Baño Privado',11),(68,'limpieza','Servicio de Limpieza',12),(69,'bar','Bar',12),(70,'wifi','Wifi',12),(71,'bano','Baño Privado',12),(72,'television','TV por Cable',12),(73,'kitchen','Cocina',12),(74,'reception','Repción 24 horas',12),(75,'jardin','Jardín',13),(76,'wifi','Wifi',13),(77,'television','TV por Cable',13),(78,'kitchen','Cocina',13),(79,'cajaFuerte','Caja fuerte',14),(80,'jardin','Jardín',14),(81,'wifi','Wifi',14),(82,'television','TV por Cable',14),(83,'kitchen','Cocina',14),(84,'reception','Recepción 24 horas',14),(85,'bar','Bar 24 horas',14),(86,'cajaFuerte','Caja fuerte',15),(87,'reception','Reception',15),(88,'pool','Mesa de Pool',15),(89,'wifi','Wifi',15),(90,'television','TV por Cable',15),(91,'bar','Bar',15),(92,'bano','Baño Privado',15),(93,'limpieza','Servicio de Limpieza',16),(94,'reception','Recepción',16),(95,'wifi','Wifi',16),(96,'television','TV por Cable',16),(97,'bar','Bar',16),(98,'airConditioner','Aire Acondicionado',17),(99,'wifi','Wifi',17),(100,'television','TV por Cable',17),(101,'kitchen','Cocina',17),(102,'wifi','Wifi',18),(103,'airConditioner','Aire Acondicionado',18),(104,'lift','Ascensor',18),(105,'kitchen','Cocina',18),(106,'television','TV por Cable',18),(107,'wifi','Wifi',19),(108,'television','TV por Cable',19),(109,'airConditioner','Aire Acondicionado',19),(110,'limpieza','Servicio de Limpieza',19),(111,'kitchen','Cocina',19),(112,'limpieza','Servicio de Limpieza',20),(113,'jardin','Jardín',20),(114,'wifi','Wifi',20),(115,'television','TV por Cable',20),(116,'kitchen','Cocina',20),(117,'kitchen','Cocina',21),(118,'wifi','Wifi',21),(119,'lift','Ascensores',21),(120,'television','TV por Cable',21),(121,'airConditioner','Aire Acondicionado',21),(122,'seguridad','Seguridad 24 Horas',22),(123,'jardin','Jardín',22),(124,'lift','Ascensores',22),(125,'airConditioner','Aire Acondicionado',22),(126,'wifi','Wifi',22),(127,'television','TV por Cable',22),(128,'kitchen','Cocina',22),(129,'pool','Piscina',22),(130,'wifi','Wifi',23),(131,'television','TV por Cable',23),(132,'kitchen','Cocina',23),(133,'swim','Piscina',23),(134,'lift','Ascensores',23),(135,'wifi','Wifi',24),(136,'television','TV por Cable',24),(137,'kitchen','Cocina',24),(138,'swim','Piscina',24),(139,'jardin','Jardin',24),(140,'wifi','Wifi',25),(141,'television','TV por Cable',25),(142,'jardin','Jardín',25),(143,'wifi','Wifi',26),(144,'television','TV por Cable',26),(145,'bar','Bar',26),(146,'calefaccion','Calefacción',26),(147,'bano','Baño Privado',26),(148,'wifi','Wifi',27),(149,'television','TV por Cable',27),(150,'jardin','Jardin',27),(151,'wifi','Wifi',28),(152,'television','TV por Cable',28),(153,'airConditioner','Aire Acondicionado',28),(154,'wifi','Wifi',29),(155,'television','TV por Cable',29),(156,'airConditioner','Aire Acondicionado',29),(157,'wifi','Wifi',30),(158,'television','TV por Cable',30),(159,'cajaFuerte','Caja Fuerte',30),(160,'cocina','Cocina',30),(161,'bano','Baño Privado',30),(162,'reception','Recepción',30),(163,'limpieza','Servicio de Limpieza',31),(164,'bano','Baño Privado',31),(165,'wifi','Wifi',31),(166,'television','TV por Cable',31),(167,'wifi','Wifi',32),(168,'television','TV por Cable',32),(169,'cocina','Cocina',32),(170,'bano','Baño Público',32);
/*!40000 ALTER TABLE `caracteristicas` ENABLE KEYS */;
UNLOCK TABLES;

--
-- Table structure for table `caracteristicas_sequence`
--

DROP TABLE IF EXISTS `caracteristicas_sequence`;
/*!40101 SET @saved_cs_client     = @@character_set_client */;
/*!50503 SET character_set_client = utf8mb4 */;
CREATE TABLE `caracteristicas_sequence` (
  `next_val` bigint DEFAULT NULL
) ENGINE=InnoDB DEFAULT CHARSET=utf8mb4 COLLATE=utf8mb4_0900_ai_ci;
/*!40101 SET character_set_client = @saved_cs_client */;

--
-- Dumping data for table `caracteristicas_sequence`
--

LOCK TABLES `caracteristicas_sequence` WRITE;
/*!40000 ALTER TABLE `caracteristicas_sequence` DISABLE KEYS */;
INSERT INTO `caracteristicas_sequence` VALUES (171);
/*!40000 ALTER TABLE `caracteristicas_sequence` ENABLE KEYS */;
UNLOCK TABLES;

--
-- Table structure for table `categoria_sequence`
--

DROP TABLE IF EXISTS `categoria_sequence`;
/*!40101 SET @saved_cs_client     = @@character_set_client */;
/*!50503 SET character_set_client = utf8mb4 */;
CREATE TABLE `categoria_sequence` (
  `next_val` bigint DEFAULT NULL
) ENGINE=InnoDB DEFAULT CHARSET=utf8mb4 COLLATE=utf8mb4_0900_ai_ci;
/*!40101 SET character_set_client = @saved_cs_client */;

--
-- Dumping data for table `categoria_sequence`
--

LOCK TABLES `categoria_sequence` WRITE;
/*!40000 ALTER TABLE `categoria_sequence` DISABLE KEYS */;
INSERT INTO `categoria_sequence` VALUES (5);
/*!40000 ALTER TABLE `categoria_sequence` ENABLE KEYS */;
UNLOCK TABLES;

--
-- Table structure for table `categorias`
--

DROP TABLE IF EXISTS `categorias`;
/*!40101 SET @saved_cs_client     = @@character_set_client */;
/*!50503 SET character_set_client = utf8mb4 */;
CREATE TABLE `categorias` (
  `id` bigint NOT NULL,
  `descripcion` varchar(255) DEFAULT NULL,
  `titulo` varchar(255) DEFAULT NULL,
  `url_imagen` varchar(500) DEFAULT NULL,
  PRIMARY KEY (`id`)
) ENGINE=InnoDB DEFAULT CHARSET=utf8mb4 COLLATE=utf8mb4_0900_ai_ci;
/*!40101 SET character_set_client = @saved_cs_client */;

--
-- Dumping data for table `categorias`
--

LOCK TABLES `categorias` WRITE;
/*!40000 ALTER TABLE `categorias` DISABLE KEYS */;
INSERT INTO `categorias` VALUES (1,'descripcion','Hoteles','https://www.iceportal.com/data/2813-141147-f72658366_XXLejpg/Argentina/Buenos-Aires/Hotel-Madero/Photo/Hotel-Madero-Buenos-Aires-Undefined-Zen-Room.jpg'),(2,'descripcion','Hostels','https://a.hwstatic.com/image/upload/f_auto,q_auto,w_1900,h_823,c_limit,e_sharpen,e_improve,e_vibrance:60/v1/propertyimages/8/8825/qdzqr3kreck8gen4mfn2'),(3,'descripcion','Departamentos','https://dynamic-media-cdn.tripadvisor.com/media/photo-o/1c/2e/25/da/old-town-by-welcome-apartment.jpg?w=1400&h=-1&s=1'),(4,'descripcion','Bed & Breakfast','https://cf.bstatic.com/xdata/images/hotel/max1280x900/41375478.jpg?k=06536843c14edc8d0d87121e6a4dc7a301efcee95b84e009eba9089e40232156&o=&hp=1');
/*!40000 ALTER TABLE `categorias` ENABLE KEYS */;
UNLOCK TABLES;

--
-- Table structure for table `ciudad_sequence`
--

DROP TABLE IF EXISTS `ciudad_sequence`;
/*!40101 SET @saved_cs_client     = @@character_set_client */;
/*!50503 SET character_set_client = utf8mb4 */;
CREATE TABLE `ciudad_sequence` (
  `next_val` bigint DEFAULT NULL
) ENGINE=InnoDB DEFAULT CHARSET=utf8mb4 COLLATE=utf8mb4_0900_ai_ci;
/*!40101 SET character_set_client = @saved_cs_client */;

--
-- Dumping data for table `ciudad_sequence`
--

LOCK TABLES `ciudad_sequence` WRITE;
/*!40000 ALTER TABLE `ciudad_sequence` DISABLE KEYS */;
INSERT INTO `ciudad_sequence` VALUES (5);
/*!40000 ALTER TABLE `ciudad_sequence` ENABLE KEYS */;
UNLOCK TABLES;

--
-- Table structure for table `ciudades`
--

DROP TABLE IF EXISTS `ciudades`;
/*!40101 SET @saved_cs_client     = @@character_set_client */;
/*!50503 SET character_set_client = utf8mb4 */;
CREATE TABLE `ciudades` (
  `id` bigint NOT NULL,
  `nombre` varchar(255) DEFAULT NULL,
  `pais` varchar(255) DEFAULT NULL,
  `provincia` varchar(255) DEFAULT NULL,
  PRIMARY KEY (`id`)
) ENGINE=InnoDB DEFAULT CHARSET=utf8mb4 COLLATE=utf8mb4_0900_ai_ci;
/*!40101 SET character_set_client = @saved_cs_client */;

--
-- Dumping data for table `ciudades`
--

LOCK TABLES `ciudades` WRITE;
/*!40000 ALTER TABLE `ciudades` DISABLE KEYS */;
INSERT INTO `ciudades` VALUES (1,'San Carlos de Bariloche','Argentina','Rio Negro'),(2,'Buenos Aires','Argentina','Mendoza'),(3,'Mendoza','Argentina','Mendoza'),(4,'Córdoba','Argentina','Córdoba');
/*!40000 ALTER TABLE `ciudades` ENABLE KEYS */;
UNLOCK TABLES;

--
-- Table structure for table `imagenes`
--

DROP TABLE IF EXISTS `imagenes`;
/*!40101 SET @saved_cs_client     = @@character_set_client */;
/*!50503 SET character_set_client = utf8mb4 */;
CREATE TABLE `imagenes` (
  `id` bigint NOT NULL,
  `titulo_img_producto` varchar(255) DEFAULT NULL,
  `url_img_producto` varchar(500) DEFAULT NULL,
  `producto_id` bigint NOT NULL,
  PRIMARY KEY (`id`),
  KEY `FKhylof04iou23s0pb9ab6pbd4j` (`producto_id`),
  CONSTRAINT `FKhylof04iou23s0pb9ab6pbd4j` FOREIGN KEY (`producto_id`) REFERENCES `productos` (`id`)
) ENGINE=InnoDB DEFAULT CHARSET=utf8mb4 COLLATE=utf8mb4_0900_ai_ci;
/*!40101 SET character_set_client = @saved_cs_client */;

--
-- Dumping data for table `imagenes`
--

LOCK TABLES `imagenes` WRITE;
/*!40000 ALTER TABLE `imagenes` DISABLE KEYS */;
INSERT INTO `imagenes` VALUES (1,'Vista de camas y lago Nahuel Huapi desde habitación','https://t-cf.bstatic.com/xdata/images/hotel/max1024x768/166442884.jpg?k=f038e53f71b03089fec79040cc5504bbc2ddf1d5769325d855baf665fc8fa67e&o=&hp=1',1),(2,'Piscina del hotel','https://t-cf.bstatic.com/xdata/images/hotel/max1024x768/139112598.jpg?k=5a199703aff45682be3d5a4aa8b2da2a166118f0d8405a327c5ac365332a07ed&o=&hp=1',1),(3,'Living con hogar en espacio común del hotel','https://t-cf.bstatic.com/xdata/images/hotel/max1024x768/139112551.jpg?k=e92436bfcc592eef93c174675a612f7bb0455bdd966edf14c847e7efa8f1ced8&o=&hp=1',1),(4,'Desayuno completo','https://t-cf.bstatic.com/xdata/images/hotel/max1024x768/139112547.jpg?k=80764bd4114fc8916c439c341bf0c44f5c67060daad07f37284a323100f2de7d&o=&hp=1',1),(5,'Vista del lago Nahuel Huapi desde la habitación','https://t-cf.bstatic.com/xdata/images/hotel/max1024x768/139112586.jpg?k=ba918bd636004efa46b1e57e9c6d8cfec18d8493bcf5618dcbbd57a617f5f675&o=&hp=1',1),(6,'Vista de camas y playa desde habitación','https://t-cf.bstatic.com/xdata/images/hotel/max1024x768/145548596.jpg?k=6af866277f6e0ad308f800c0863876f3ebd1188d5063117d2dd9cc98c9e6ac35&o=&hp=1',2),(7,'Comedor del hotel con excelente vista a las montañas','https://t-cf.bstatic.com/xdata/images/hotel/max1024x768/363785259.jpg?k=4443c834fce3043d0d4f29ae80e773805facac2dcd062aff0502d5d0e292f5b1&o=&hp=1',2),(8,'Desayuno completo','https://t-cf.bstatic.com/xdata/images/hotel/max1024x768/13331430.jpg?k=3e59dec8500f1eea74296697f32827cf090245764f29e39e9d1da4e2382848d3&o=&hp=1',2),(9,'Bar del hotel','https://t-cf.bstatic.com/xdata/images/hotel/max1024x768/140308662.jpg?k=5295491806fd6e2360f811a38bd0abe1f6a20efe6d84995237453d2479efd1b1&o=&hp=1',2),(10,'Vista de camas y jardín del hotel desde habitación','https://t-cf.bstatic.com/xdata/images/hotel/max1024x768/145548376.jpg?k=41a67fb18146c82e2f3bf8628622d04f0604bd4f6dbe860ac2767be14c05065a&o=&hp=1',2),(11,'Vista de camas y de la ciudad desde habitación','https://t-cf.bstatic.com/xdata/images/hotel/max1024x768/249506871.jpg?k=98ef87719a74e14384c7af02c9cdb7e28ceeb0f10c613ac89e5a0830c34562f8&o=&hp=1',3),(12,'Vista de camas y del obelisco desde habitación','https://t-cf.bstatic.com/xdata/images/hotel/max1024x768/249506873.jpg?k=4fdb9a9503d49be10a0711346f31e216e606ab8126f97ba4b1690b8b345cd5ac&o=&hp=1',3),(13,'Desayuno completo','https://t-cf.bstatic.com/xdata/images/hotel/max1024x768/249507515.jpg?k=8c09c329fa3aa1943c9d03243a039198ef7778f29ec350d7e1740f18495e25d8&o=&hp=1',3),(14,'Recepción del hotel','https://t-cf.bstatic.com/xdata/images/hotel/max1024x768/249509646.jpg?k=f696dba906d13a08bc3dd203d39c2746fab9287d4505cfdd98d837b21cd99c90&o=&hp=1',3),(15,'Balcón con vista a la ciudad','https://t-cf.bstatic.com/xdata/images/hotel/max1024x768/249501228.jpg?k=8e553cf07f6c46436a6e0e9012d216a65fcb8535bbbf8e709685cb5e59289dd6&o=&hp=1',3),(16,'Habitación doble','https://t-cf.bstatic.com/xdata/images/hotel/max1024x768/258961447.jpg?k=5d62044354e822267e489e9ba9f3a9c49816f5a2b2ed26acb6b0ac29b1605e56&o=&hp=1',4),(17,'Recepción y sala común','https://t-cf.bstatic.com/xdata/images/hotel/max1024x768/315091296.jpg?k=207830346d0a3a6a46ef94fb9db78ed686b45c9b3e7fe91d61e7ba8d39e08075&o=&hp=1',4),(18,'Habitación doble estándar','https://t-cf.bstatic.com/xdata/images/hotel/max1024x768/315091293.jpg?k=e2cc3f9fc5c480c4530126dbb45d2528e395822d11f31e40035723f390fd427c&o=&hp=1',4),(19,'Ascensor y vestíbulo del hotel','https://t-cf.bstatic.com/xdata/images/hotel/max1024x768/231202800.jpg?k=6889ae6f61b8f89f58677ca6b079f746380fcbe0f1f630ddb33090ceddfe57ee&o=&hp=1',4),(20,'Baño habitación','https://t-cf.bstatic.com/xdata/images/hotel/max1024x768/218847896.jpg?k=f06ab650a9caeda07c6272e347674e8eb5aec1fa94e27664e3abb8b5f16d214b&o=&hp=1',4),(21,'Habitación doble','https://t-cf.bstatic.com/xdata/images/hotel/max1024x768/50978559.jpg?k=83ba95d5e5425cc5bf23668657750773b6349f511af22dfb435240f877dd07a7&o=&hp=1',5),(22,'Living del hotel y sala común','https://t-cf.bstatic.com/xdata/images/hotel/max1024x768/17132503.jpg?k=f14added2b693f4a339d3dc5c2adf5d6ac71e1953dbdd8153ff7b7e528b73531&o=&hp=1',5),(23,'Pileta del hotel','https://t-cf.bstatic.com/xdata/images/hotel/max1024x768/56381932.jpg?k=0aee4e00ab57978677e4b88f4f3e96f5bc37674dd79fb253a5f1a1c7d0d966bf&o=&hp=1',5),(24,'Ascensor y vestíbulo del hotel','https://t-cf.bstatic.com/xdata/images/hotel/max1024x768/17132553.jpg?k=07f5d08cebd217f152a1b8dd0d897f91c9ce37f13102f7f04bc3656eb758695e&o=&hp=1',5),(25,'Habitación con living','https://t-cf.bstatic.com/xdata/images/hotel/max1024x768/63164989.jpg?k=f604025bf6005db9f44bf27ac862a66a3407b4a2131495ab367c58f60d791e63&o=&hp=1',5),(26,'Habitación doble','https://t-cf.bstatic.com/xdata/images/hotel/max1024x768/84782523.jpg?k=bdbfa86e1e905ec55951e53edab6da031d6e4c55e1b537a354e495296e8d1b64&o=&hp=1',6),(27,'Bar del hotel','https://t-cf.bstatic.com/xdata/images/hotel/max1024x768/324591790.jpg?k=29ea38b82bc0061f48dc70f5e7884016f6d3073443d346ea866fb983518cf99b&o=&hp=1',6),(28,'Pileta del hotel','https://t-cf.bstatic.com/xdata/images/hotel/max1024x768/323222619.jpg?k=dbb76ae1266a3b5b95b0ea6d07c36ed801efb3932a418af740a419ac53e97ea1&o=&hp=1',6),(29,'Recepción y vestíbulo del hotel','https://t-cf.bstatic.com/xdata/images/hotel/max1024x768/324591765.jpg?k=04c9091fa34197098e9b01884aae32641441967d41a3e7c201a74daf257d4389&o=&hp=1',6),(30,'Habitación doble','https://t-cf.bstatic.com/xdata/images/hotel/max1024x768/149072374.jpg?k=b3f63495a998284fb6f73dc8833c1d5d7fd16bdfb4a937cfa12252b5aa0a0ebd&o=&hp=1',6),(31,'Habitación triple','https://t-cf.bstatic.com/xdata/images/hotel/max1024x768/246279316.jpg?k=e5103a3aeb2b34f6c6c709337368df139bfbc43f382c9b0f613bd1c235cd0e17&o=&hp=1',7),(32,'Comedor del hotel','https://t-cf.bstatic.com/xdata/images/hotel/max1024x768/246281382.jpg?k=7c55a3ebdc2e770b75ef1f1bf03d23c613aeb7709675cc41eb07ab3bab05f2e3&o=&hp=1',7),(33,'Living del hotel','https://t-cf.bstatic.com/xdata/images/hotel/max1024x768/246281404.jpg?k=8d8aa2b55330aa8314f1ecd829a07d9a8b6214a15980780e6be5f7658ead76ad&o=&hp=1',7),(34,'Habitación triple estándar','https://t-cf.bstatic.com/xdata/images/hotel/max1024x768/246279330.jpg?k=8ea5e7cadd27421697f32c69aad327c15026c5d48aa5f9962fdc08513ba2adfb&o=&hp=1',7),(35,'Suite del hotel','https://t-cf.bstatic.com/xdata/images/hotel/max1024x768/246282687.jpg?k=92e8f8485f032912558bc9a99869f8fde44e9521abf59950ae1871204f61d73a&o=&hp=1',7),(36,'Habitación doble','https://t-cf.bstatic.com/xdata/images/hotel/max1024x768/332834203.jpg?k=88bfc388745123d91ce398c939583664d43cce51806ddec79437f4b2c07166f0&o=&hp=1',8),(37,'Comedor del hotel','https://t-cf.bstatic.com/xdata/images/hotel/max1024x768/332834962.jpg?k=41ce5edf4b4b79d2475fe001d6cb05818994d2005a343e993faf6ff236c63202&o=&hp=1',8),(38,'Desayuno del hotel','https://t-cf.bstatic.com/xdata/images/hotel/max1024x768/332834964.jpg?k=c11936f1176ddc8505a2e5df615a73e3851fe5c874c461b74e3878369e403a15&o=&hp=1',8),(39,'Habitación estándar','https://t-cf.bstatic.com/xdata/images/hotel/max1024x768/332834965.jpg?k=f79355c70cb9f995067e2e392ebba60b23b684737a3ab6c359bcc8a7526376d3&o=&hp=1',8),(40,'Piscina del hotel','https://t-cf.bstatic.com/xdata/images/hotel/max1024x768/332834969.jpg?k=7846791683be28f3e9278587f8e62c93a5ef6590dd6a4ee60d169a2794db9005&o=&hp=1',8),(41,'Valhalla Portada','https://t-cf.bstatic.com/xdata/images/hotel/max1280x900/251572387.jpg?k=d36b3ba68e3ae8b2e3ac2d3e55eaa95ac9df415d377727a8f8fd9bc916c572ca&o=&hp=1',9),(42,'Valhalla Habitación 1','https://t-cf.bstatic.com/xdata/images/hotel/max1280x900/329781594.jpg?k=8bf7158508ce5d269a3624064ae7d5a7660799fd302874e05a2de41f7a22c123&o=&hp=1',9),(43,'Valhalla Habitación 2','https://t-cf.bstatic.com/xdata/images/hotel/max1280x900/329781542.jpg?k=c1bc4fd8d0c1347470dd791974661387dac4f68723cbd19a734cb09496b92e55&o=&hp=1hp=1',9),(44,'Valhalla Bar','https://t-cf.bstatic.com/xdata/images/hotel/max1280x900/305096683.jpg?k=ece938e170e230e60c7dc91e12f6a6ce3e8ad6e8e5d546fbcf9b9985784f19ec&o=&hp=1',9),(45,'Valhalla Habitación 3','https://t-cf.bstatic.com/xdata/images/hotel/max1280x900/304697114.jpg?k=d4e861648dfce52ffda3cdb97d4d260c6e0f4aa76a46219afaa45c4a325b60dd&o=&hp=1',9),(46,'Moving Hostel Travel Bar Portada','https://t-cf.bstatic.com/xdata/images/hotel/max1280x900/106418612.jpg?k=8ebbf91d58b34f3aa1409d6d54aa76678393b58ee265fab29808556e5388be33&o=&hp=1',10),(47,'Moving Hostel Travel Bar Habitación','https://t-cf.bstatic.com/xdata/images/hotel/max1280x900/158414118.jpg?k=083acd33196035920dc154aa95e9f8aba899d61882cf699c48e23128b8cf0f49&o=&hp=1',10),(48,'Moving Hostel Travel Bar Mesa de Pool','https://t-cf.bstatic.com/xdata/images/hotel/max1280x900/286322417.jpg?k=d65a7645c6dddd9b507154259c383fc1d5e8cbb651aa92394de555bad1f69be4&o=&hp=1',10),(49,'Moving Hostel Travel Bar Estar','https://t-cf.bstatic.com/xdata/images/hotel/max1280x900/286304252.jpg?k=3d3983bd6cb481a09a64c1369e8c825d99f00cfbff8c941d979f5ecccdacda70&o=&hp=1',10),(50,'Moving Hostel Travel Bar Bar','https://t-cf.bstatic.com/xdata/images/hotel/max1280x900/308860130.jpg?k=122c1b633a7ede24ccd8625184266397b401d5bacec08488de3d079f776dd504&o=&hp=1',10),(51,'LOPEZ Hostel & Suites Portada','https://t-cf.bstatic.com/xdata/images/hotel/max1280x900/131102587.jpg?k=a14625f130ab8c32ea6f3db5ae578613423cee6b1c7c01beba8dcc16d817fad7&o=&hp=1',11),(52,'LOPEZ Hostel & Suites Habitación','https://t-cf.bstatic.com/xdata/images/hotel/max1280x900/190828765.jpg?k=24fb46d8bc120c4c164b75a28f485f07b1c39039b79a932964c9e7a8b568a17e&o=&hp=1',11),(53,'LOPEZ Hostel & Suites Estar','https://t-cf.bstatic.com/xdata/images/hotel/max1280x900/190818539.jpg?k=25b9db4599bfcb8d0802a07fd5227b000282224c2518c9256f9404738bb8c992&o=&hp=1',11),(54,'LOPEZ Hostel & Suites Vista','https://t-cf.bstatic.com/xdata/images/hotel/max1280x900/190826268.jpg?k=ed4069dd3a511120476eb492d2659144b4db9a0bf2a0649a91bab16ef4948698&o=&hp=1',11),(55,'LOPEZ Hostel & Suites Bar','https://t-cf.bstatic.com/xdata/images/hotel/max1280x900/190818168.jpg?k=b27008a2c6edd13d45311d858cba456f1f000c345b6d3e25796c17468c022894&o=&hp=1',11),(56,'Malevo Murana Hostel Portada','https://t-cf.bstatic.com/xdata/images/hotel/max1280x900/186683624.jpg?k=98644e391008c503a5a2875e914100352c40fdcb4e3406989a7cf083fafff741&o=&hp=1',12),(57,'Malevo Murana Hostel Baño','https://t-cf.bstatic.com/xdata/images/hotel/max1280x900/321893261.jpg?k=be72ca2d9b817e324265fbad04c98ffe31f63f7c2c56dd782e308d69aac55dcc&o=&hp=1',12),(58,'Malevo Murana Hostel Exterior','https://t-cf.bstatic.com/xdata/images/hotel/max1280x900/213750260.jpg?k=3024189117658588371fdfb655cef3988c7f4054c25b3a94a81dc5f41ee76e41&o=&hp=1',12),(59,'Malevo Murana Hostel Recepción','https://t-cf.bstatic.com/xdata/images/hotel/max1280x900/211287282.jpg?k=330f1dccb24660c5f1984f35634e0d320b500851afb859007111ab5209bb92e3&o=&hp=1',12),(60,'Malevo Murana Hostel Bar','https://t-cf.bstatic.com/xdata/images/hotel/max1280x900/213750262.jpg?k=ff24c60aec600e40cf181aa1b6840c4dfe757efccac1c87e0c28317b98e348f3&o=&hp=1',12),(61,'Piuke Mapu Patagonia Hostel Portada','https://t-cf.bstatic.com/xdata/images/hotel/max1280x900/123163545.jpg?k=c95fc516558ba27fd71ab5fabe484890e5c2bbb4a43d12117103a13698d6601b&o=&hp=1',13),(62,'Piuke Mapu Patagonia Hostel Cocina','https://t-cf.bstatic.com/xdata/images/hotel/max1280x900/123164604.jpg?k=1a8f849775e6b239c6e671d19057536faba5fb3d64596eb20c37703ede0b510d&o=&hp=1',13),(63,'Piuke Mapu Patagonia Hostel Estar','https://t-cf.bstatic.com/xdata/images/hotel/max1280x900/141856286.jpg?k=02cdd83078b28b4662ce58b09041a55a8222fb04d960101508277fe727069167&o=&hp=1',13),(64,'Piuke Mapu Patagonia Hostel Exterior','https://t-cf.bstatic.com/xdata/images/hotel/max1280x900/157268015.jpg?k=9445a019c4f2abca88509731e9af5b8ab0e60f82cb325f057b216e986facc3c2&o=&hp=1',13),(65,'Piuke Mapu Patagonia Hostel Vista','https://t-cf.bstatic.com/xdata/images/hotel/max1280x900/157268006.jpg?k=37156ed5f6687370385e9900c2438f978bf9af822dceed1ca79b3fd2df536d81&o=&hp=1',13),(66,'Hostel El Mirador Portada','https://t-cf.bstatic.com/xdata/images/hotel/max1280x900/310169673.jpg?k=7c2988f98495c18b95595e2c5f1992e15faf5f1ba085c07715b5a5aca2a0cd61&o=&hp=1',14),(67,'Hostel El Mirador Estar','https://t-cf.bstatic.com/xdata/images/hotel/max1280x900/310257526.jpg?k=629b7bc16a1117f5572b4190ee28e678bdd2c27a0de86f4ef7d797d031898082&o=&hp=1',14),(68,'Hostel El Mirador Bar','https://t-cf.bstatic.com/xdata/images/hotel/max1280x900/310057416.jpg?k=d748c358e0889b4083d4358fe101939b3631d060884a3bb71a1bd53043544fcd&o=&hp=1',14),(69,'Hostel El Mirador Recepción','https://t-cf.bstatic.com/xdata/images/hotel/max1280x900/310168464.jpg?k=781713add0db72aa7805cf7a3b67a40d73f825961f892303f9a39346ee552038&o=&hp=1',14),(70,'Hostel El Mirador Exterior','https://t-cf.bstatic.com/xdata/images/hotel/max1280x900/310256171.jpg?k=c5adf75dcae694a036173caa179381f60a290a96c836627f494dad35a4417c02&o=&hp=1',14),(71,'Hostel Alvear Portada','https://t-cf.bstatic.com/xdata/images/hotel/max1280x900/347083996.jpg?k=70047620e0aa68ad65267c7475e0a8404e5f544f04ea5796bbcf0932d84bfc55&o=&hp=1',15),(72,'Hostel Alvear Bar','https://t-cf.bstatic.com/xdata/images/hotel/max1280x900/239283196.jpg?k=1fd5a38265867be3c82c95dc83e470b91294e7764e32f6f0ff3c20a1ef7587e0&o=&hp=1',15),(73,'Hostel Alvear Estar','https://t-cf.bstatic.com/xdata/images/hotel/max1280x900/238828738.jpg?k=bd2298048bf0dfca54782653b96c016141addd47afdbb2021251ec2e409bee6a&o=&hp=1',15),(74,'Hostel Alvear Habitación','https://t-cf.bstatic.com/xdata/images/hotel/max1280x900/238828616.jpg?k=582105f0a1e3808ffeee31aba41b4e29ee89f15b0e261d1adbce46ebf7da8bcc&o=&hp=1',15),(75,'Hostel Alvear Baño Privado','https://t-cf.bstatic.com/xdata/images/hotel/max1280x900/238830019.jpg?k=58b3f7671094e93f4595ed4bc1b10d16d7a71767283871dd908414555b31fb93&o=&hp=1',15),(76,'Go Hostel Portada','https://t-cf.bstatic.com/xdata/images/hotel/max1280x900/184353347.jpg?k=a8bfcfb31565d88f6f7c5e5b5e41d556f51c0383fffb33e8f0c2c9dd3aea3062&o=&hp=1',16),(77,'Go Hostel Estar','https://t-cf.bstatic.com/xdata/images/hotel/max1280x900/35946010.jpg?k=f7f1a8e66263d5f2947a8a3df57e69ad4bfa8bdf68243e9bb11323c2be3e5ade&o=&hp=1',16),(78,'Go Hostel Habitación 1','https://t-cf.bstatic.com/xdata/images/hotel/max1280x900/363223409.jpg?k=4dbca076c6cf4c99c8490e13f6b21c3a10c2fbc95f7dbba5299c86ec8e159407&o=&hp=1',16),(79,'Go Hostel Habitación 2','https://t-cf.bstatic.com/xdata/images/hotel/max1280x900/363224311.jpg?k=2fdb56498d361e8f0c7a7f30da45a8f511ac2cb5c5b45f2ef64a1c2bc527f17c&o=&hp=1',16),(80,'Go Hostel Comedor','https://t-cf.bstatic.com/xdata/images/hotel/max1280x900/37457890.jpg?k=608f7df404fddc11af8594eb65e64371ff431494b21c89c60a5b4408e096d3e0&o=&hp=1',16),(81,'Monoambiente en San Telmo Portada','https://cf.bstatic.com/xdata/images/hotel/max1280x900/349172946.jpg?k=71e9f9640394c5ff48b68373f97be92c517d9b883a161783b228b5c8d895de0c&o=&hp=1',17),(82,'Monoambiente en San Telmo Comedor','https://cf.bstatic.com/xdata/images/hotel/max1280x900/349173096.jpg?k=1d7f42e93db24bb83b835fcda1bed440c7bc114dddcdf8f1faf7df85a568f75f&o=&hp=1',17),(83,'Monoambiente en San Telmo Baño','https://cf.bstatic.com/xdata/images/hotel/max1280x900/349173101.jpg?k=5fc6e6f5dbf61c4ba72af0229c2988988a259243a27ebc421570319c6427f560&o=&hp=1',17),(84,'Monoambiente en San Telmo Cocina','https://cf.bstatic.com/xdata/images/hotel/max1280x900/349173157.jpg?k=c0841287079957f22eebfc0b1a2b041e651062eeffbb1919e49ffa0abc272d8a&o=&hp=1',17),(85,'Monoambiente en San Telmo Placard','https://cf.bstatic.com/xdata/images/hotel/max1280x900/349173064.jpg?k=777f9480a66bdccc5ef5e20a877e9df59ef29c677ef9c53ac98f8b79fc74ad4f&o=&hp=1',17),(86,'Estudio en Palermo Portada','https://cf.bstatic.com/xdata/images/hotel/max1280x900/195056705.jpg?k=3e3e29b65783aa00e7f98d0a274077173967661b690a68c3e3772955a73bc159&o=&hp=1',18),(87,'Estudio en Palermo Habitación','https://cf.bstatic.com/xdata/images/hotel/max1280x900/195056714.jpg?k=58dd0a935e0835b3c7c20cf070944fe5b3bec287b3f2c2c75b3716bf17f91feb&o=&hp=1',18),(88,'Estudio en Palermo Cocina','https://cf.bstatic.com/xdata/images/hotel/max1280x900/195056723.jpg?k=b27863c1928a195f28aed7ed72684e70ff4b6bf2de0a240fb3845bcbb8978240&o=&hp=1',18),(89,'Estudio en Palermo Balcón','https://cf.bstatic.com/xdata/images/hotel/max1280x900/195056733.jpg?k=2a7f9ee8893d562ecf3c0e4bc098dbb60651114877165112473566911ca2ea9d&o=&hp=1',18),(90,'Estudio en Palermo Baño','https://cf.bstatic.com/xdata/images/hotel/max1280x900/195056740.jpg?k=8addf248bd1edbab73dff5934cc556c7931adfea25d7d1befbc2da65291dfcca&o=&hp=1',18),(91,'Terrazas del Lago Portada','https://cf.bstatic.com/xdata/images/hotel/max1280x900/306491778.jpg?k=e4f1ef443878cfd2b882437433c203fd3d19236500cdb0a1ca4203245a776b93&o=&hp=1',19),(92,'Terrazas del Lago Cocina','https://cf.bstatic.com/xdata/images/hotel/max1280x900/306491781.jpg?k=3634536892504d56dede5b5be999475fec41700633e095c3972b745d884aec09&o=&hp=1',19),(93,'Terrazas del Lago Estar','https://cf.bstatic.com/xdata/images/hotel/max1280x900/306491779.jpg?k=2e6a9b9f968b7abb2d714d8449c3aec609250900547c0f97ce91f44bfa7af23e&o=&hp=1',19),(94,'Terrazas del Lago Vista','https://cf.bstatic.com/xdata/images/hotel/max1280x900/302641540.jpg?k=1f66c221ab49f93ffb39984b66d9ed35101e0f7dad5875d759461d3d79e627ef&o=&hp=1',19),(95,'Terrazas del Lago Habitacion','https://cf.bstatic.com/xdata/images/hotel/max1280x900/306491783.jpg?k=5d89751a84744946f06dd722a108b380ad3808c5eaae8d99b625184fa6f3a957&o=&hp=1',19),(96,'Espacio Patagonia Portada','https://cf.bstatic.com/xdata/images/hotel/max1280x900/312460952.jpg?k=69da60a0f72c6c3efef81ae768f6399947807df91e6bdbff8a805be5c69e7053&o=&hp=1',20),(97,'Espacio Patagonia Estar','https://cf.bstatic.com/xdata/images/hotel/max1280x900/308140175.jpg?k=2d57cb7c91b376028901e0d403938cf9d08b45a4abff8086b0935d9158272006&o=&hp=1',20),(98,'Espacio Patagonia Cocina','https://cf.bstatic.com/xdata/images/hotel/max1280x900/306185241.jpg?k=75c90347c55b5314f390e47d7c889269ed36228d32fb6bc840bbfeffd0a4478a&o=&hp=1',20),(99,'Espacio Patagonia Baño','https://cf.bstatic.com/xdata/images/hotel/max1280x900/306608820.jpg?k=c1d9d00952ec1fd93d34fc51889073e836a88348fef60600f0fb92a4eab1aedf&o=&hp=1',20),(100,'Espacio Patagonia Exterior','https://cf.bstatic.com/xdata/images/hotel/max1280x900/308139201.jpg?k=1e23006124d75bd2163dd3fb835eca705221bae638e3dedbdc70dcfb146794c7&o=&hp=1',20),(101,'Caminos del Vino Apartments Portada','https://cf.bstatic.com/xdata/images/hotel/max1280x900/363306309.jpg?k=9942f356706fcbb27fa04f4761b26ce3a46c88102bb21f4cdfaff16d6b4da084&o=&hp=1',21),(102,'Caminos del Vino Apartments Estar','https://cf.bstatic.com/xdata/images/hotel/max1280x900/363079703.jpg?k=5169ec3124eb73d437974df956d6a5cf5efdd38e8598b3c1ee40f9d3df9a7e53&o=&hp=1',21),(103,'Caminos del Vino Apartments Habitación','https://cf.bstatic.com/xdata/images/hotel/max1280x900/363079702.jpg?k=fdeb8fdd4e3ce539a98f3940d9d7df9696a26aebcb1124276a5ff6352663386c&o=&hp=1',21),(104,'Caminos del Vino Apartments Zona de Parilla','https://cf.bstatic.com/xdata/images/hotel/max1280x900/363079704.jpg?k=dd0cbcde36b7ccea601c4a9163d7c36af36f30d9b87407a1f5eeacb7e3680df9&o=&hp=1',21),(105,'Caminos del Vino Apartments Baño','https://cf.bstatic.com/xdata/images/hotel/max1280x900/363079692.jpg?k=5fe137fa848afd540e54d41ac04fb3f7439beb669312f6a78ed36192b00e39be&o=&hp=1',21),(106,'Soltigua Apart Mendoza Portada','https://cf.bstatic.com/xdata/images/hotel/max1280x900/337950727.jpg?k=ad2e6ffeb731ec5cb95ee647b82a1787e1189319cfd69e5196cc450fc153e620&o=&hp=1',22),(107,'Soltigua Apart Mendoza Patio','https://cf.bstatic.com/xdata/images/hotel/max1280x900/222439275.jpg?k=791dcc7535ede08e2b03dabbd8c0629e83040a2abc45f3aa36de9efc54b9bab0&o=&hp=1',22),(108,'Soltigua Apart Mendoza Estar','https://cf.bstatic.com/xdata/images/hotel/max1280x900/337949839.jpg?k=4dbc5435b8a495617b4f3d24f403afcfbe12cc2ee4cf3176c8ceff6b75ead9ae&o=&hp=1',22),(109,'Soltigua Apart Mendoza Baño','https://cf.bstatic.com/xdata/images/hotel/max1280x900/5843240.jpg?k=caf89c6dbe01016b3305b892d2e3ed37b552e4c35ab46b530db89fdeaac7df24&o=&hp=1',22),(110,'Soltigua Apart Mendoza Piscina','https://cf.bstatic.com/xdata/images/hotel/max1280x900/126650078.jpg?k=f7ddade6dd39e6e080952eccc7baf7e1dd1c0b2df676f229ea3d88672dea702d&o=&hp=1',22),(111,'Vilaut Smart Flat Portada','https://cf.bstatic.com/xdata/images/hotel/max1280x900/342765255.jpg?k=0803b1ad5caa6decd6c6be3cf85feb0b1dda9ffa0b58e07c8030f60e7b91cb81&o=&hp=1',23),(112,'Vilaut Smart Flat Habitacion 2 Camas','https://cf.bstatic.com/xdata/images/hotel/max1280x900/342765250.jpg?k=bedf63d1e5bdff40074baa1f6a4370db7c7a76718882ae07929d875efa8b5b5e&o=&hp=1',23),(113,'Vilaut Smart Flat Habitación Cama Doble','https://cf.bstatic.com/xdata/images/hotel/max1280x900/342764288.jpg?k=206e2ac753d1a1f961f7275b4c0934ff11be3c853cace63a79f7b8885346ad48&o=&hp=1',23),(114,'Vilaut Smart Flat Cocina','https://cf.bstatic.com/xdata/images/hotel/max1280x900/342766130.jpg?k=ee84d77ed4c6affa21551e88a772c65f0b25c31ccc15a10976263b229d27dbc3&o=&hp=1',23),(115,'Vilaut Smart Flat Balcón','https://cf.bstatic.com/xdata/images/hotel/max1280x900/342766124.jpg?k=09440d55df8bf6f6c8df28e10f54bc43510f689c7a70a8b8820cccdb21b68db5&o=&hp=1',23),(116,'Loft con Terraza Portada','https://cf.bstatic.com/xdata/images/hotel/max1280x900/360957074.jpg?k=ab589312de3515a96dab0695288b46bb87be2a16566fef99de6316b11a084c37&o=&hp=1',24),(117,'Loft con Terraza Habitacion','https://cf.bstatic.com/xdata/images/hotel/max1280x900/360959201.jpg?k=e84922f64778dca3ee2da2146a48f056d53be6431981a53ec9d061142ec6263f&o=&hp=1',24),(118,'Loft con Terraza Baño','https://cf.bstatic.com/xdata/images/hotel/max1280x900/360959137.jpg?k=e2fe3c2c6c5ff01528aceb89f9a97cdfc8c68cc3c48beff608612cdf450c8b8c&o=&hp=1',24),(119,'Loft con Terraza Piscina','https://cf.bstatic.com/xdata/images/hotel/max1280x900/360959190.jpg?k=55ff8488a4be6de7836453b2b0387ee9c0df51d111dd783bdfd7938c9c50951c&o=&hp=1',24),(120,'Loft con Terraza Cocina','https://cf.bstatic.com/xdata/images/hotel/max1280x900/360959052.jpg?k=fd05041f52f3df1fcb4975a2f064a49e7f1c74df8cc5aaf8b0024c091bf72e50&o=&hp=1',24),(121,'La Malinka Bed & Breakfast Portada','https://cf.bstatic.com/xdata/images/hotel/max1280x900/113568526.jpg?k=f7e7fa054202c8f66f08806cb26eeec55b825e344be07bd9e31f04fd143b51ac&o=&hp=1',25),(122,'La Malinka Bed & Breakfast Habitación','https://cf.bstatic.com/xdata/images/hotel/max1280x900/113568524.jpg?k=ed7ab543077407490ec46e569cbe314bef7a97d8f635e2ad7340393400f674a7&o=&hp=1',25),(123,'La Malinka Bed & Breakfast Desayuno','https://cf.bstatic.com/xdata/images/hotel/max1280x900/113568522.jpg?k=1ebba138a6bfd0a24887d4c9e65049303d4da6122d9729fe2730bd39887d4eee&o=&hp=1',25),(124,'La Malinka Bed & Breakfast Areas Comunes','https://cf.bstatic.com/xdata/images/hotel/max1280x900/113571090.jpg?k=3d7bad73593ff64f4b316fb7cc8ed2869d348420404cdbeaa232a7eddc9a17fa&o=&hp=1',25),(125,'La Malinka Bed & Breakfast Habitación','https://cf.bstatic.com/xdata/images/hotel/max1280x900/113568494.jpg?k=48fe6807f2f0121c76b049ecdc232e7a853cdb77433b9d42f69f956b4f560243&o=&hp=1',25),(126,'Santa Rita Bed & Breakfast Portada','',26),(127,'Santa Rita Bed & Breakfast Habitación','https://cf.bstatic.com/xdata/images/hotel/max1280x900/236300504.jpg?k=ed493633769212b15f9a0512a1dd4a2865d16f88977a685f4c8bce02bf9f2072&o=&hp=1',26),(128,'Santa Rita Bed & Breakfast Desayuno','https://cf.bstatic.com/xdata/images/hotel/max1280x900/32468828.jpg?k=6c46f05835efa2c96796c313f85b947e3d6cd904e2d9a3b15d2987262f809cf7&o=&hp=1',26),(129,'Santa Rita Bed & Breakfast Areas Deck Al Lago','https://cf.bstatic.com/xdata/images/hotel/max1280x900/32469264.jpg?k=ef8a08ee3c978301b931db031d37f3dfc050e340de7214b4b864b5041fd9e1cb&o=&hp=1',26),(130,'Santa Rita Bed & Breakfast Desayuno','https://cf.bstatic.com/xdata/images/hotel/max1280x900/238583529.jpg?k=306b542f632e53faf8b48e0f916d5789ac86e5994328e1c73dd29c81ab6dae91&o=&hp=1',26),(131,'Lina\'s Tango Guesthouse Portada','https://cf.bstatic.com/xdata/images/hotel/max1280x900/104775082.jpg?k=678ca5db7566d04bcedd726c919462a86ed059b5280db79cd47ddec60c9ae739&o=&hp=1    ',27),(132,'Lina\'s Tango Guesthouse Habitación','https://cf.bstatic.com/xdata/images/hotel/max1280x900/132497131.jpg?k=79794f470690f59d5f9c29bea64205b5040bf9415cc436159f10d75b256e48df&o=&hp=1',27),(133,'Lina\'s Tango Guesthouse Desayuno','https://cf.bstatic.com/xdata/images/hotel/max1280x900/36979426.jpg?k=f502e27e183d983e827aa81bd7e57f1e04c87bb6b1af581cb1ab67a216e16967&o=&hp=1',27),(134,'Lina\'s Tango Guesthouse Baño Compartido ','https://cf.bstatic.com/xdata/images/hotel/max1280x900/78203134.jpg?k=c1f1a2b872334e62412ce9eff2584ca083feaade5b8ea432b718ea54d31020b0&o=&hp=1',27),(135,'Lina\'s Tango Guesthouse Patio','https://cf.bstatic.com/xdata/images/hotel/max1280x900/104775330.jpg?k=35ea312f3e4f29a78a2b4c3c1ef6c2235f91bcd2a6d608663c38a3233994d569&o=&hp=1',27),(136,'Posada Gotan Portada','https://cf.bstatic.com/xdata/images/hotel/max1280x900/41368694.jpg?k=6c9114268123866a156f51320c85bc571b6c21ca86f2a0f35cd4c46924caa6ac&o=&hp=1',28),(137,'Posada Gotan Desayuno','https://cf.bstatic.com/xdata/images/hotel/max1280x900/41375478.jpg?k=06536843c14edc8d0d87121e6a4dc7a301efcee95b84e009eba9089e40232156&o=&hp=1',28),(138,'Posada Gotan Habitación','https://cf.bstatic.com/xdata/images/hotel/max1280x900/301629607.jpg?k=cc04b857fbefb2c2cde276bf486ca39c47277b42110429f9ffbed197570b2bad&o=&hp=1',28),(139,'Posada Gotan Comedor','https://cf.bstatic.com/xdata/images/hotel/max1280x900/41368720.jpg?k=56583823a58959688bf6c5def56504a8566e0222ac6f91cb134aab5ee97cc002&o=&hp=1',28),(140,'Posada Gotan Patio','https://cf.bstatic.com/xdata/images/hotel/max1280x900/41368439.jpg?k=c74c63b094dd5c97317c53e4919abda787d0fc3073f19d05e1e1aa1202b6cf38&o=&hp=1',28),(141,'Refugio Padma Portada','https://cf.bstatic.com/xdata/images/hotel/max1280x900/349393969.jpg?k=e618b04bf3d62dab4f6648273646a62d91c0979c9270f79c2be66465d3e7b793&o=&hp=1',29),(142,'Refugio Padma Habitación','https://cf.bstatic.com/xdata/images/hotel/max1280x900/349394340.jpg?k=22823231decd49af71b7b8acfc0760fa5be006fc42d8317e934a9040ed648945&o=&hp=1',29),(143,'Refugio Padma Desayuno','https://cf.bstatic.com/xdata/images/hotel/max1280x900/349393976.jpg?k=9d69ebd66a7333e21c23a49ba8e0261a23b8565b4fa1fba01254bfd9ab91739f&o=&hp=1',29),(144,'Refugio Padma Comedor','https://cf.bstatic.com/xdata/images/hotel/max1280x900/363443101.jpg?k=28c89c64d93d1a10b57a7c317cc7021915cac3e6cce5eb0d6be45b495b9d5211&o=&hp=1',29),(145,'Refugio Padma Patio','https://cf.bstatic.com/xdata/images/hotel/max1280x900/349395799.jpg?k=53a47a13dc9e6eef9d1750917685e94a3ccebd9f65baad21feff3ac8b2311a54&o=&hp=1',29),(146,'Posada Chalet de Bassi Portada','https://t-cf.bstatic.com/xdata/images/hotel/max1024x768/38573294.jpg?k=667a3f1a72bc974b00309ac9144dea767e0e601d0cb5e6823da09c6153f35952&o=&hp=1',30),(147,'Posada Chalet de Bassi Estar','https://t-cf.bstatic.com/xdata/images/hotel/max1024x768/165250418.jpg?k=819301d4ff9ed06b0e20db014cce875e5f0134fe8f844730e448a6900ad026ab&o=&hp=1',30),(148,'Posada Chalet de Bassi Pileta','https://t-cf.bstatic.com/xdata/images/hotel/max1024x768/120745710.jpg?k=9a70983502fe41b5928ea30a8b6a90f4b3b7607cc1e36e7ca6eba3a192d16c27&o=&hp=1',30),(149,'Posada Chalet de Bassi Recepción','https://t-cf.bstatic.com/xdata/images/hotel/max1024x768/165250420.jpg?k=3ced3e0bf9ddb609f3d1dbf84a42cd8bc6b6e7a2c78720dd13106fd795bc659b&o=&hp=1',30),(150,'Posada Chalet de Bassi Jardín','https://t-cf.bstatic.com/xdata/images/hotel/max1024x768/137367578.jpg?k=1d38ee8cec2ca7a68e8f0a4fcd8bf344aff4c16ad52cd8f91aabb0e4f2b77755&o=&hp=1',30),(151,'Casa Woppa Portada','https://t-cf.bstatic.com/xdata/images/hotel/max1280x900/235296518.jpg?k=77253d76b45d21ff323ed0df8d5ee8e8df1a5d9e60382df7bc6907675e12f7db&o=&hp=1',31),(152,'Casa Woppa Habitación','https://t-cf.bstatic.com/xdata/images/hotel/max1280x900/235295604.jpg?k=95cf6433c1674fc5ef48cda9e0bbf4b24a9bbb125c70f7368ac116e46a48544f&o=&hp=1',31),(153,'Casa Woppa Habitación','https://t-cf.bstatic.com/xdata/images/hotel/max1280x900/235296530.jpg?k=dd2ed533f6029db2b1c18eb2ab54a8c3cc3e045ddd9a96cdba1f2d4bffb1f5e3&o=&hp=1',31),(154,'Casa Woppa Baño','https://t-cf.bstatic.com/xdata/images/hotel/max1280x900/235296522.jpg?k=2b48b05173dab0d0a14fbe172437703d214f9525356d8f8ee9138479623e4722&o=&hp=1',31),(155,'Casa Woppa Estar','https://t-cf.bstatic.com/xdata/images/hotel/max1280x900/235296524.jpg?k=416a8f33bb15b2ea13000987134f15490bc5d261793db8fc42a6cd882a81f692&o=&hp=1',31),(156,'Hostel Joven casa Reggae Portada','https://t-cf.bstatic.com/xdata/images/hotel/max1024x768/222689978.jpg?k=380141837ee4e6889d35f546c267fb188df8f1149eff4938b34524f5c3bf7bb0&o=&hp=1',32),(157,'Hostel Joven casa Reggae Exterior','https://t-cf.bstatic.com/xdata/images/hotel/max1024x768/123555308.jpg?k=57daf57b924a951f915cec95733a1383e4bba7c1b48ee8968bf925dea142dd90&o=&hp=1',32),(158,'Hostel Joven casa Reggae Estar','https://t-cf.bstatic.com/xdata/images/hotel/max1024x768/123555372.jpg?k=0c843204ce61328bf7fb893db441fd036c76a53e9cf4dcc8e26aaa1590bd1b88&o=&hp=1',32),(159,'Hostel Joven casa Reggae Comedor','https://t-cf.bstatic.com/xdata/images/hotel/max1024x768/222691445.jpg?k=87cbccda83bbda292a5ab8937540e71003966990d83eb621fa8c6d1495bf3697&o=&hp=1',32),(160,'Hostel Joven casa Reggae Cocina','https://t-cf.bstatic.com/xdata/images/hotel/max1024x768/123555342.jpg?k=15d181c869898396dfa62d2d3d0c627054494e5c04d9d1ce6fb5d13404cc86b2&o=&hp=1',32);
/*!40000 ALTER TABLE `imagenes` ENABLE KEYS */;
UNLOCK TABLES;

--
-- Table structure for table `imagenes_sequence`
--

DROP TABLE IF EXISTS `imagenes_sequence`;
/*!40101 SET @saved_cs_client     = @@character_set_client */;
/*!50503 SET character_set_client = utf8mb4 */;
CREATE TABLE `imagenes_sequence` (
  `next_val` bigint DEFAULT NULL
) ENGINE=InnoDB DEFAULT CHARSET=utf8mb4 COLLATE=utf8mb4_0900_ai_ci;
/*!40101 SET character_set_client = @saved_cs_client */;

--
-- Dumping data for table `imagenes_sequence`
--

LOCK TABLES `imagenes_sequence` WRITE;
/*!40000 ALTER TABLE `imagenes_sequence` DISABLE KEYS */;
INSERT INTO `imagenes_sequence` VALUES (161);
/*!40000 ALTER TABLE `imagenes_sequence` ENABLE KEYS */;
UNLOCK TABLES;

--
-- Table structure for table `politica_sequence`
--

DROP TABLE IF EXISTS `politica_sequence`;
/*!40101 SET @saved_cs_client     = @@character_set_client */;
/*!50503 SET character_set_client = utf8mb4 */;
CREATE TABLE `politica_sequence` (
  `next_val` bigint DEFAULT NULL
) ENGINE=InnoDB DEFAULT CHARSET=utf8mb4 COLLATE=utf8mb4_0900_ai_ci;
/*!40101 SET character_set_client = @saved_cs_client */;

--
-- Dumping data for table `politica_sequence`
--

LOCK TABLES `politica_sequence` WRITE;
/*!40000 ALTER TABLE `politica_sequence` DISABLE KEYS */;
INSERT INTO `politica_sequence` VALUES (261);
/*!40000 ALTER TABLE `politica_sequence` ENABLE KEYS */;
UNLOCK TABLES;

--
-- Table structure for table `politicas`
--

DROP TABLE IF EXISTS `politicas`;
/*!40101 SET @saved_cs_client     = @@character_set_client */;
/*!50503 SET character_set_client = utf8mb4 */;
CREATE TABLE `politicas` (
  `id` bigint NOT NULL,
  `descripcion` varchar(500) DEFAULT NULL,
  `producto_id` bigint NOT NULL,
  `tipo_politica_id` bigint NOT NULL,
  PRIMARY KEY (`id`),
  KEY `FKjuyb8w76dm4e3w0f1s71fu2k7` (`producto_id`),
  KEY `FKjygub1oc15b9hxjn3lcqpg64o` (`tipo_politica_id`),
  CONSTRAINT `FKjuyb8w76dm4e3w0f1s71fu2k7` FOREIGN KEY (`producto_id`) REFERENCES `productos` (`id`),
  CONSTRAINT `FKjygub1oc15b9hxjn3lcqpg64o` FOREIGN KEY (`tipo_politica_id`) REFERENCES `tipo_de_politcas` (`id`)
) ENGINE=InnoDB DEFAULT CHARSET=utf8mb4 COLLATE=utf8mb4_0900_ai_ci;
/*!40101 SET character_set_client = @saved_cs_client */;

--
-- Dumping data for table `politicas`
--

LOCK TABLES `politicas` WRITE;
/*!40000 ALTER TABLE `politicas` DISABLE KEYS */;
INSERT INTO `politicas` VALUES (1,'No fumar',1,1),(2,'Se permiten mascotas hasta 7 Kg',1,1),(3,'Check-in: 13:00 horas',1,1),(4,'Check-out: 10:00 horas',1,1),(5,'Detector de Monóxido de Carbono',1,2),(6,'Detector de humo',1,2),(7,'Se requiere utilizar barbijo en ascensores y areas comunes',1,2),(8,'Pago del costo de una noche por cancelar',1,3),(9,'No fumar',2,1),(10,'No se permiten fiestas',2,1),(11,'Check-in: 13:00 horas',2,1),(12,'Check-out: 11:00 horas',2,1),(13,'Se aplican las pautas de distanciamiento social y normas de higiene para prevenir contagios por coronavirus',2,2),(14,'Detector de humo',2,2),(15,'Seguridad 24 Horas',2,2),(16,'No reembolsable',2,3),(17,'No fumar',3,1),(18,'Se permiten mascotas',3,1),(19,'Check-in: 15:00 horas',3,1),(20,'Check-out: 12:00 horas',3,1),(21,'Se aplican las pautas de distanciamiento social y normas de higiene para prevenir contagios por coronavirus',3,2),(22,'Alarma',3,2),(23,'Seguridad 24 Horas',3,2),(24,'Si cancelas dentro de las 48 horas previas al comienzo de tu reserva abonarás como penalidad el valor de una noche.',3,3),(25,'No fumar',4,1),(26,'No se permiten mascotas',4,1),(27,'Check-in: 14:00 horas',4,1),(28,'Check-out: 11:00 horas',4,1),(29,'Se aplican las pautas de distanciamiento social y normas de higiene para prevenir contagios por coronavirus',4,2),(30,'Alarma',4,2),(31,'Seguridad 24 Horas',4,2),(32,'Si cancelas dentro de las 48 horas previas al comienzo de tu reserva abonarás como penalidad el valor de una noche.',4,3),(33,'No fumar',5,1),(34,'No se permiten mascotas',5,1),(35,'Check-in: 15:00 horas',5,1),(36,'Check-out: 11:00 horas',5,1),(37,'Se aplican las pautas de distanciamiento social y normas de higiene para prevenir contagios por coronavirus',5,2),(38,'Detector de humo',5,2),(39,'Alarma',5,2),(40,'Si cancelas dentro de las 48 horas previas al comienzo de tu reserva abonarás como penalidad el valor de una noche.',5,3),(41,'No fumar',6,1),(42,'Se permiten mascotas sin cargo extra',6,1),(43,'Check-in: 12:00 horas',6,1),(44,'Check-out: 10:00 horas',6,1),(45,'Se aplican las pautas de distanciamiento social y normas de higiene para prevenir contagios por coronavirus',6,2),(46,'Detector de humo',6,2),(47,'Detector de Monóxido de Carbono',6,2),(48,'Si cancelas dentro de las 48 horas previas al comienzo de tu reserva abonarás como penalidad el valor de una noche.',6,3),(49,'No fumar',7,1),(50,'Se permiten mascotas sin cargo extra',7,1),(51,'Check-in: 11:00 horas',7,1),(52,'Check-out: 10:00 horas',7,1),(53,'Se aplican las pautas de distanciamiento social y normas de higiene para prevenir contagios por coronavirus',7,2),(54,'Detector de humo',7,2),(55,'Detector de Monóxido de Carbono',7,2),(56,'Si cancelas dentro de las 48 horas previas al comienzo de tu reserva abonarás como penalidad el valor de una noche.',7,3),(57,'No fumar',8,1),(58,'Se permiten mascotas hasta 7 Kg',8,1),(59,'Check-in: 12:00 horas',8,1),(60,'Check-out: 10:00 horas',8,1),(61,'Se aplican las pautas de distanciamiento social y normas de higiene para prevenir contagios por coronavirus',8,2),(62,'Detector de humo',8,2),(63,'Detector de Monóxido de Carbono',8,2),(64,'No reembolsable',8,3),(65,'Check-in: 10:00',9,1),(66,'Check-out: 13:00',9,1),(67,'Se permiten mascotas',9,1),(68,'Se aplican las pautas de distanciamiento social y otras normas relacionadas con el Coronavirus',9,2),(69,'Se permiten fiestas',9,2),(70,'Posee sistema de alarma',9,2),(71,'No se permite musica despues de las 01:00',9,2),(72,'Cancelación GRATIS hasta 30 días antes del comienzo de tu reserva.',9,3),(73,'Si cancelas dentro de las 48 horas previas al comienzo de tu reserva abonarás como penalidad el valor de una noche.',9,3),(74,'Check-in: 13:00',10,1),(75,'Check-out: 10:00',10,1),(76,'Esta prohibido fumar',10,1),(77,'No se permiten mascotas',10,1),(78,'Caja Fuerte en la habitación',10,2),(79,'Se aplican las pautas de distanciamiento social y otras normas relacionadas con el Coronavirus',10,2),(80,'Se requiere utilizar barbijo en ascensores y areas comunes',10,2),(81,'Cancelación GRATIS hasta 20 días antes del comienzo de tu reserva.',10,3),(82,'Si cancelas con menos de 15 días de anticipación al comienzo de tu reserva abonarás como penalidad el 50% de la estadía.',10,3),(83,'Check-in: 14:00',11,1),(84,'Check-out: 10:00',11,1),(85,'No se permiten mascotas',11,1),(86,'No se permiten fiestas',11,1),(87,'Detector de Humo',11,2),(88,'Se requiere utilizar barbijo en ascensores y areas comunes',11,2),(89,'Caja Fuerte en Recepción',11,2),(90,'Posee sistema de alarma',11,2),(91,'Cancelación GRATIS hasta 10 días antes del comienzo de tu reserva.',11,3),(92,'No reembolsable',11,3),(93,'Check-in: 14:00',12,1),(94,'Check-out: 11:00',12,1),(95,'Esta prohibido fumar',12,1),(96,'No se permiten mascotas',12,1),(97,'Se aplican las pautas de distanciamiento social y otras normas relacionadas con el Coronavirus',12,2),(98,'Se requiere utilizar barbijo en ascensores y areas comunes',12,2),(99,'Detector de Humo',12,2),(100,'Si cancelas dentro de las 48 horas previas al comienzo de tu reserva abonarás como penalidad el valor de una noche.',12,3),(101,'Check-in: 08:00',13,1),(102,'Check-out: 06:00',13,1),(103,'Se permiten mascotas',13,1),(104,'Caja Fuerte en la habitación',13,2),(105,'Se aplican las pautas de distanciamiento social y otras normas relacionadas con el Coronavirus',13,2),(106,'Posee sistema de alarma',13,2),(107,'Seguridad 24 Horas',13,2),(108,'Cancelación GRATIS hasta 10 días antes del comienzo de tu reserva.',13,3),(109,'Pago del costo de una noche por cancelar.',13,3),(110,'Check-in: 14:30',14,1),(111,'Check-out: 10:00',14,1),(112,'Depósito de garantía: $2500 por noche',14,1),(113,'No se permiten menores',14,1),(114,'No se permiten mascotas',14,1),(115,'Detector de Monóxido de Carbono',14,2),(116,'Seguridad 24 horas',14,2),(117,'Posee sistema de alarma',14,2),(118,'Caja fuerte en la habitación',14,2),(119,'Cancelación GRATIS hasta 7 días antes del comienzo de tu reserva.',14,3),(120,'Check-in: 13:00',15,1),(121,'Check-out: 11:00',15,1),(122,'Esta prohibido fumar',15,1),(123,'Caja fuerte en Recepción',15,2),(124,'Se aplican las pautas de distanciamiento social y otras normas relacionadas con el Coronavirus',15,2),(125,'Posee sistema de alarma',15,2),(126,'Cancelación GRATIS hasta 17 días antes del comienzo de tu reserva.',15,3),(127,'Check-in: 13:00',16,1),(128,'Check-out: 11:00',16,1),(129,'Esta prohibido fumar',16,1),(130,'Se permiten mascotas',16,1),(131,'Se aplican las pautas de distanciamiento social y otras normas relacionadas con el Coronavirus',16,2),(132,'Se requiere utilizar barbijo en ascensores y areas comunes',16,2),(133,'Cancelación GRATIS hasta 10 días antes del comienzo de tu reserva.',16,3),(134,'Check-in: 15:00',17,1),(135,'Check-out: 10:00',17,1),(136,'Esta prohibido fumar',17,1),(137,'No se permiten mascotas',17,1),(138,'Se requiere utilizar barbijo en ascensores y areas comunes',17,2),(139,'Detector de Humo',17,2),(140,'Edificio con Seguridad 24 Hs',17,2),(141,'Cancelación GRATIS hasta 7 días antes del comienzo de tu reserva.',17,3),(142,'Si cancelas con menos de 7 días de anticipación al comienzo de tu reserva abonarás como penalidad el 50% de la estadía.',17,3),(143,'Check-in: 15:30',18,1),(144,'Check-out: 10:00',18,1),(145,'Detector de Humo',18,2),(146,'Detector de Monóxido de Carbono',18,2),(147,'Se permiten mascotas por un cargo extra de $750 por días',18,1),(148,'No se permite musica despues de las 23:00',18,1),(149,'No reembolsable',18,3),(150,'Check-in: 16:00',19,1),(151,'Check-out: 11:00',19,1),(152,'Detector de Monóxido de Carbono',19,2),(153,'No se permite fumar en el departamento',19,1),(154,'No se permite musica despues de las 23:00',19,1),(155,'Cancelación GRATIS hasta 2 días antes del comienzo de tu reserva.',19,3),(156,'Si cancelas dentro de las 48 horas previas al comienzo de tu reserva abonarás como penalidad el valor de una noche.',19,3),(157,'Check-in: 15:00',20,1),(158,'Check-out: 11:00',20,1),(159,'Esta prohibido fumar',20,1),(160,'Se permiten mascotas por un cargo extra de $750 por días',20,1),(161,'Se aplican las pautas de distanciamiento social y otras normas relacionadas con el Coronavirus',20,2),(162,'Detector de Monóxido de Carbono',20,2),(163,'',20,2),(164,'Posee sistema de alarma',20,2),(165,'',20,2),(166,'Cancelación GRATIS hasta 7 días antes del comienzo de tu reserva.',20,3),(167,'Si cancelas con menos de 7 días de anticipación al comienzo de tu reserva abonarás como penalidad el valor de una noche.',20,3),(168,'Check-in: 15:30',21,1),(169,'Check-out: 11:00',21,1),(170,'Se requiere utilizar barbijo en ascensores y areas comunes',21,2),(171,'No se permite fumar en el departamento',21,1),(172,'No se permiten mascotas',21,1),(173,'No reembolsable',21,3),(174,'Check-in: 15:00',22,1),(175,'Check-out: 10:00',22,1),(176,'Esta prohibido fumar',22,1),(177,'No se permiten mascotas',22,1),(178,'Se aplican las pautas de distanciamiento social y otras normas relacionadas con el Coronavirus',22,2),(179,'Se requiere utilizar barbijo en ascensores y areas comunes',22,2),(180,'Seguridad 24 Horas',22,2),(181,'Cancelación GRATIS hasta 2 días antes del comienzo de tu reserva.',22,3),(182,'Si cancelas dentro de las 48 horas previas al comienzo de tu reserva abonarás como penalidad el valor de una noche.',22,3),(183,'Check-in: 14:30',23,1),(184,'Check-out: 11:00 ',23,1),(185,'Esta prohibido fumar dentro del departamento y en las áreas comunes del edificio.',23,1),(186,'Se permiten mascotas hasta 7 Kg',23,1),(187,'Detector de Monóxido de Carbono',23,2),(188,'Seguridad 24 Horas',23,2),(189,'No reembolsable',23,3),(190,'Check-in: 16:00',24,1),(191,'Check-out: 11:00',24,1),(192,'Esta prohibido fumar',24,1),(193,'No se permiten mascotas',24,1),(194,'Se aplican las pautas de distanciamiento social y otras normas relacionadas con el Coronavirus',24,2),(195,'Detector de Monóxido de Carbono',24,2),(196,'Seguridad 24 Horas',24,2),(197,'Cancelación GRATIS hasta 7 días antes del comienzo de tu reserva.',24,3),(198,'Si cancelas con menos de 7 días de anticipación al comienzo de tu reserva abonarás como penalidad el valor de una noche.',24,3),(199,'Check-in: 15:00',25,1),(200,'Check-out: 11:00',25,1),(201,'Desayuno incluido',25,1),(202,'Caja Fuerte en Recepción',25,2),(203,'Se aplican las pautas de distanciamiento social y otras normas relacionadas con el Coronavirus',25,2),(204,'No se permite fumar en las habitaciones ni en la zonas comunes',25,1),(205,'No reembolsable',25,3),(206,'Check-in: 15:30',26,1),(207,'Check-out: 11:00',26,1),(208,'Desayuno incluido',26,1),(209,'Depósito de garantía: $1500 por estadía (Se requiere una tarjeta de crédito)',26,1),(210,'Cancelación GRATIS hasta 2 días antes del comienzo de tu reserva.',26,3),(211,'Si cancelas dentro de las 48 horas previas al comienzo de tu reserva abonarás como penalidad el valor de una noche.',26,3),(212,'No se permite fumar',26,1),(213,'Se aplican las pautas de distanciamiento social y otras normas relacionadas con el Coronavirus',26,2),(214,'Check-in: 14:30',27,1),(215,'Check-out: 11:00',27,1),(216,'Desayuno incluido',27,1),(217,'No se permiten mascotas',27,1),(218,'No reembolsable',27,3),(219,'No se permite fumar dentro de las habitaciones ni areas comunes cubiertas',27,1),(220,'Esta permitido fumar en el patio',27,1),(221,'Se aplican las pautas de distanciamiento social y otras normas relacionadas con el Coronavirus',27,2),(222,'Check-in: 15:00',28,1),(223,'Check-out: 11:00',28,1),(224,'Desayuno incluido',28,1),(225,'No se permiten mascotas',28,1),(226,'Cancelación GRATIS hasta 7 días antes del comienzo de tu reserva.',28,3),(227,'Si cancelas con menos de 7 días de anticipación al comienzo de tu reserva abonarás como penalidad el 50% de la estadía.',28,3),(228,'No esta permitido fumar',28,1),(229,'Caja Fuerte en Recepción',28,2),(230,'Detector de Monóxido de Carbono',28,2),(231,'Check-in: 15:00',29,1),(232,'Check-out: 11:00',29,1),(233,'Desayuno incluido',29,1),(234,'Se permiten mascotas sin cargo extra',29,1),(235,'Cancelación GRATIS hasta 7 días antes del comienzo de tu reserva.',29,3),(236,'Si cancelas con menos de 7 días de anticipación al comienzo de tu reserva abonarás como penalidad el 50% de la estadía.',29,3),(237,'No esta permitido fumar',29,1),(238,'Se requiere utilizar barbijo en ascensores y areas comunes',29,2),(239,'Se aplican las pautas de distanciamiento social y otras normas relacionadas con el Coronavirus',29,2),(240,'Check-in: 13:00',30,1),(241,'Check-out: 12:00',30,1),(242,'No se permiten mascotas',30,1),(243,'Esta prohibido fumar',30,1),(244,'Caja Fuerte en la habitación',30,2),(245,'Se aplican las pautas de distanciamiento social y otras normas relacionadas con el Coronavirus',30,2),(246,'No reembolsable',30,3),(247,'Check-in: 11:00',31,1),(248,'Check-out: 10:00',31,1),(249,'Se permiten mascotas',31,1),(250,'Detector de Humo',31,2),(251,'Se requiere utilizar barbijo en ascensores y areas comunes',31,2),(252,'Cancelación GRATIS hasta 5 días antes del comienzo de tu reserva.',31,3),(253,'Si cancelas con menos de 7 días de anticipación al comienzo de tu reserva abonarás como penalidad el 50% de la estadía.',31,3),(254,'Check-in: 07:30',32,1),(255,'Check-out: 11:00',32,1),(256,'Está permitido fumar',32,1),(257,'No se permiten mascotas',32,1),(258,'Se aplican las pautas de distanciamiento social y otras normas relacionadas con el Coronavirus',32,2),(259,'Cancelación GRATIS hasta 5 días antes del comienzo de tu reserva.',32,3),(260,'Si cancela antes de los 5 días del comienzo de la reserva se cobrará un 60% de la estadía.',32,3);
/*!40000 ALTER TABLE `politicas` ENABLE KEYS */;
UNLOCK TABLES;

--
-- Table structure for table `producto_sequence`
--

DROP TABLE IF EXISTS `producto_sequence`;
/*!40101 SET @saved_cs_client     = @@character_set_client */;
/*!50503 SET character_set_client = utf8mb4 */;
CREATE TABLE `producto_sequence` (
  `next_val` bigint DEFAULT NULL
) ENGINE=InnoDB DEFAULT CHARSET=utf8mb4 COLLATE=utf8mb4_0900_ai_ci;
/*!40101 SET character_set_client = @saved_cs_client */;

--
-- Dumping data for table `producto_sequence`
--

LOCK TABLES `producto_sequence` WRITE;
/*!40000 ALTER TABLE `producto_sequence` DISABLE KEYS */;
INSERT INTO `producto_sequence` VALUES (33);
/*!40000 ALTER TABLE `producto_sequence` ENABLE KEYS */;
UNLOCK TABLES;

--
-- Table structure for table `productos`
--

DROP TABLE IF EXISTS `productos`;
/*!40101 SET @saved_cs_client     = @@character_set_client */;
/*!50503 SET character_set_client = utf8mb4 */;
CREATE TABLE `productos` (
  `id` bigint NOT NULL,
  `descripcion` varchar(5000) DEFAULT NULL,
  `direccion` varchar(255) DEFAULT NULL,
  `latitud` double NOT NULL,
  `longitud` double NOT NULL,
  `puntaje` int NOT NULL,
  `titulo` varchar(255) DEFAULT NULL,
  `titulo_descripcion` varchar(255) DEFAULT NULL,
  `categoria_id` bigint NOT NULL,
  `ciudad_id` bigint NOT NULL,
  PRIMARY KEY (`id`),
  KEY `FK2fwq10nwymfv7fumctxt9vpgb` (`categoria_id`),
  KEY `FK2n66ase94bg4q6j56jdm4nj17` (`ciudad_id`),
  CONSTRAINT `FK2fwq10nwymfv7fumctxt9vpgb` FOREIGN KEY (`categoria_id`) REFERENCES `categorias` (`id`),
  CONSTRAINT `FK2n66ase94bg4q6j56jdm4nj17` FOREIGN KEY (`ciudad_id`) REFERENCES `ciudades` (`id`)
) ENGINE=InnoDB DEFAULT CHARSET=utf8mb4 COLLATE=utf8mb4_0900_ai_ci;
/*!40101 SET character_set_client = @saved_cs_client */;

--
-- Dumping data for table `productos`
--

LOCK TABLES `productos` WRITE;
/*!40000 ALTER TABLE `productos` DISABLE KEYS */;
INSERT INTO `productos` VALUES (1,'Ofrece habitaciones con vistas al lago y a las montañas. Las habitaciones y las suites ocupan un edificio amplio y elegante y ofrecen vistas al lago o a la ciudad. Además, el hotel cuenta con una amplia variedad de actividades de ocio para toda la familia.\nEl restaurante La Cave sirve fondues de queso a pedido. El piano bar del vestíbulo propone cócteles, bebidas, carnes ahumadas de la Patagonia y una amplia selección de vinos de la bodega Zuccardi.\nEl personal del hotel organiza una amplia variedad de actividades de ocio en plena naturaleza, como ciclismo de montaña, equitación, pesca con mosca y paseos en kayak.','Av. San Martín, 536',-41.133473922619125,-71.3167240322848,8,'Hotel Panamericano Bariloche','Alojate al lado del majestuoso lago Nahuel Huapi',1,1),(2,'El Hotel Tres Reyes está ubicado en San Carlos de Bariloche, a 200 metros del Centro Cívico. Este hotel de 3 estrellas cuenta con recepción 24 horas y wifi gratis. Se halla a 12 km de la estación de esquí y del aeropuerto de San Carlos de Bariloche.\nAlgunas de las habitaciones del Hotel Tres Reyes tienen vistas al lago. Otras tienen vistas al jardín.Asimismo, las habitaciones del hotel están equipadas con TV de pantalla plana.\nEste hotel alberga un bar y se sirve un desayuno a diario.','Av. 12 de Octubre, 135',-41.1327728587614,-71.30776773485405,8,'Hotel Tres Reyes','Preparate para disfrutar estando a solo 3 minutos caminando de la playa',1,1),(3,'El Exe Hotel Colón se encuentra en el centro de Buenos Aires y ofrece elegantes suites con vistas al Obelisco. El alojamiento se encuentra a 300 metros del Teatro Colón, a 500 metros de la calle peatonal Florida.\nLas habitaciones disponen de aire acondicionado y TV de pantalla plana. Algunas habitaciones ofrecen vistas a la ciudad. Los alojamientos cuentan con baño privado con bañera.\nEl Exe Hotel Colon dispone de instalaciones modernas, gimnasio bien equipado, centro de negocios, servicios de conserjería y recepción 24 horas. El personal de la recepción, que habla español e inglés, ofrece información sobre la zona.','Carlos Pellegrini, 507',-34.602130866131375,-58.380866815266295,7,'Exe Hotel Colón','Alojate en el corazón de Buenos Aires',1,2),(4,'El Up Congreso Hotel ofrece habitaciones con aire acondicionado en el centro de Buenos Aires, a 700 metros del Palacio Barolo.\nEste hotel cuenta con mostrador de información turística. El alojamiento ofrece recepción 24 horas, servicio de conserjería y conexión wifi gratis en todo el alojamiento.\nTodas las habitaciones del hotel cuentan con armario, TV de pantalla plana y baño privado.','Calle Montevideo, 86',-34.607880519324205,-58.38938453060987,8,'Up Congreso Hotel','Alojate en el corazón de Buenos Aires',1,2),(5,'El Huentala Hotel está situado a solo 600 metros de la plaza de la Independencia y ofrece pileta, gimnasio, habitaciones elegantes con conexión de wifi gratis y TV por cable, restaurante y bebidas de bienvenida.\nLas habitaciones para no fumadores del Hotel Huentala presentan una decoración en tonos suaves y disponen de aire acondicionado y escritorio.\nEl Huentala Hotel se encuentra a 2,5 km del parque de San Martín y a 850 metros de la terminal de micros y ofrece recepción 24 horas.','Primitivo De La Reta, 1007',-32.89178474778404,-68.83809148832445,8,'Huentala Hotel','Alojate en el corazón de Mendoza',1,3),(6,'Este hotel está ubicado en Mendoza, a 100 metros del céntrico parque de la Independencia. Ofrece pileta al aire libre, gimnasio, wifi gratis y servicio de spa.El Nutibara está a 200 metros de la avenida de España, rodeado de cafés y lugares de ocio.\nLas habitaciones del Hotel Nutibara incluyen aire acondicionado, TV por cable y baño privado. Algunas tienen cortinas y muebles de época.\nSirve un completo desayuno buffet con mermeladas de la región, yogur y jugos naturales. El restaurante está revestido de madera y cuenta con vistosas lámparas de cristal.','Avenida Bartolomé Mitre, 867',-32.892025666284546,-68.84494834414502,9,'Hotel Nutibara','Alojate en el corazón de Mendoza',1,3),(7,'Situado en el centro de Córdoba, a 1 manzana del parque San Martín, el Cristal Hotel ofrece un alojamiento elegante y un práctico servicio de registro de salida después de lo habitual.\nEl hotel ofrece recepción 24 horas y conexión a internet por un adicional.Las habitaciones tienen aire acondicionado y calefacción. TV por cable y room service.\nEl Hotel Cristal se encuentra a 5 calles de la terminal de autobuses y a 11 km del aeropuerto Ambrosia L V Taravella.','Entre Rios, 58',-31.41840088641068,-64.18434633068803,7,'Gran Hotel Cristal','Preparate para vacacionar, alojate en la mejor zona de Córdoba',1,4),(8,'El Hotel Everest está situado en el centro de Córdoba, a solo 300 metros del centro cívico. Hay conexión wifi gratis.Todas las habitaciones están equipadas con TV LED de 32 pulgadas, aire acondicionado, teléfono y calefacción.\nLa recepción está abierta las 24 horas.\nEl Everest se encuentra a 200 metros de la estación Mitre y a 300 metros de la terminal de micros y la plaza San Martín. La plaza Sarmiento y el zoológico están a 600 metros.','San Jeronimo, 465',-31.418704012090224,-64.17832384603143,9,'Hotel Everest','Preparate para vacacionar, alojate en la mejor zona de Córdoba',1,4),(9,'Esta propiedad está a 3 minutos caminando de la playa. El Valhalla se encuentra en San Carlos de Bariloche, a 400 metros de la bodega Melipal, y cuenta con bar, estacionamiento privado gratuito, salón compartido y jardín. El alojamiento dispone de habitaciones familiares y alberga un parque infantil. Hay servicio de conserjería, cocina compartida y servicio de cambio de divisa.\nEl Valhalla tiene parrilla. Goza de una ubicación ideal para practicar esquí y ciclismo y presta servicio de alquiler de autos y equipos de esquí.\nEl Valhalla está a 4,3 km del centro cívico y a 8 km de la Bahía Serena. El aeropuerto de San Carlos de Bariloche, ubicado a 16 km, es el más cercano. Se facilita servicio de link con el aeropuerto por un adicional.','Calle Lanin, 3950',-41.12907809142439,-71.35533387588465,8,'Valhalla','El Valhalla está a 4,3 km del centro cívico y a 8 km de la Bahía Serena.',2,1),(10,'El Moving Hostel Travel Bar está situado a 100 metros del lago Nahuel Huapi, en San Carlos de Bariloche. Ofrece terraza con vistas al lago, habitaciones con conexión wifi gratis, bar, mesa de pool y un desayuno americano a diario.\nLas habitaciones del Moving Hostel Travel Bar son amplias y luminosas y disponen de suelo de baldosa y baño compartido.','Salta, 504',-41.13396300465648,-71.31701248725923,9,'Moving Hostel Travel Bar','Está a 19 km de la estación de esquí de Cerro Catedral y a 500 metros de la avenida Mitre.',2,1),(11,'El LOPEZ Hostel & Suites se encuentra en Buenos Aires y ofrece alojamiento solo para adultos con salón compartido, jardín y terraza. Hay servicio de conserjería, mostrador de información turística y wifi gratis en todas las instalaciones. El alojamiento ofrece cocina compartida, room service y cambio de divisa.\nTodos los alojamientos del hostel están equipados con zona de estar y TV por cable. Las habitaciones del LOPEZ Hostel & Suites están equipadas con ropa de cama y toallas.\nEl alojamiento sirve un desayuno continental o sin gluten.','Avenida Santa Fe, 5172',-34.57610733345634,-58.43288336213334,10,'LOPEZ Hostel & Suites','El LOPEZ Hostel & Suites se encuentra a 1 km de Bosques de Palermo y a 2,1 km del parque ecológico de Buenos Aires. ',2,2),(12,'El alojamiento Malevo Murana Hostel dispone de WiFi gratuita y parrilla, y se encuentra en Buenos Aires.\nEl hostel tiene bar, solárium y vistas al jardín. Algunas habitaciones ofrecen balcón o terraza, y hay TV de pantalla plana por cable.\nLas instalaciones incluyen recepción 24 horas, cocina compartida, salón común y tienda de regalos. Se puede jugar a los dardos en el hostel.','Pasaje Russel, 5050',-34.58721874158138,-58.42920706209278,9,'Malevo Murana Hostel','El Malevo Murana Hostel se halla a 200 metros de la plaza Serrano y a 1 km de la plaza Italia.',2,2),(13,'El Piuke Mapu Patagonia Hostel es un hostel acogedor y ecológico de Cholila con vistas panorámicas y una gran zona verde. Cuenta con su propio huerto ecológico y proporciona conexión wifi gratis en las zonas comunes.\nLas habitaciones del Piuke Mapu Patagonia Hostel presentan una decoración animada con detalles coloridos y todas incluyen baño compartido y vistas preciosas a las montañas de la Patagonia de los alrededores.\nLos huéspedes podrán preparar sus propios platos en la cocina bien equipada del alojamiento o relajarse en el salón compartido. También podrán disfrutar de una gran variedad de actividades tanto en el alojamiento como en los alrededores, entre las que se incluyen esquí, ciclismo y senderismo.','Av. Soberania Argentina, 200',-42.51426263823184,-71.434856685684,9,'Piuke Mapu Patagonia Hostel','El Piuke Mapu Patagonia Hostel proporciona estacionamiento gratuito y se encuentra a 50 km del aeropuerto de Esquel.',2,3),(14,'El alojamiento alberga una cafetería. Hay estacionamiento privado gratuito.\nAlgunas habitaciones tienen vistas a las montañas, al jardín o a la ciudad.\nEl Hostel El Mirador proporciona wifi gratis.Hay una cocina compartida con cestas para cada habitación.\nEste hostel sirve un desayuno casero.Este hostel cuenta con guardaesquíes y servicio de alquiler de autos y bicicletas. En la zona se pueden practicar diversas actividades, como snorkel y ciclismo.','Subida 3 Cipreses, 1237',-41.98337430103939,-71.50642493543239,8,'Hostel El Mirador','El Hostel El Mirador está situado en El Bolsón, en la región de Río Negro, a 3,7 km de la plaza Pagano, y cuenta con parrilla y terraza.',2,3),(15,'El Hostel Alvear ofrece alojamiento económico con conexión wifi gratis en el centro de Córdoba. El alojamiento alberga un jardín.\nLas habitaciones del Hostel Alvear son sencillas y cómodas. El baño es compartido. Dispone de terraza.\nEl alojamiento cuenta con cocina compartida y salón común. También hay una sala de juegos y una zona de estar al aire libre en el patio. La recepción está abierta las 24 horas y proporciona información útil sobre la zona. Los huéspedes pueden relajarse en la terraza con parrilla.','General Alvear, 158',-31.414899834003283,-64.18045221495782,7,'Hostel Alvear','El alojamiento se encuentra a 400 metros de la catedral de Córdoba y a 700 metros de la Manzana Jesuítica y del centro cívico.',2,4),(16,'El Go Hostel se ubica en Córdoba y ofrece wifi gratis, desayuno, salón común y 2 cocinas compartidas totalmente equipadas. Se encuentra a 2 km del centro comercial Patio Olmos.\nLas habitaciones del Go Hostel disponen de baño compartido.\nAdemás, el hostel cuenta con computadora, zona de parrilla y recepción 24 horas con consigna de equipaje.','Salta, 504',-31.409143003996405,-64.19715735728698,8,'Go Hostel','El Go Hostel se encuentra a 26 km del aeropuerto internacional Ingeniero Aeronáutico Ambrosio L.V. Taravella.',2,4),(17,'Departamento con aire acondicionado, cama de dos plazas, TV de pantalla plana y cocina.\nExcelente ubicación, a solo 1.6 km del estadio \'La Bombonera\' y a 1.9 km de la cafetería Tortoni.','Piedras 1391',-34.624846233644625,-58.376877093722435,9,'Charming Studio en San Telmo','Hermoso monoambiente en San Telmo para dos personas.',3,2),(18,'Alojamiento con aire acondicionado, terraza y wifi gratis. El departamento cuenta con 1 dormitorio, 1 baño, ropa de cama, toallas, TV de pantalla plana vía satélite, cocina totalmente equipada y balcón con vistas a la ciudad.\nLos lagos de Palermo se encuentran a 2 km del departamento, mientras que los jardines japoneses de Buenos Aires están a 2,1 km. El aeropuerto Jorge Newbery es el más cercano y está a 3 km del departamento.','Fray Justo María de Oro, 2462',-34.5798302,-58.4248698,10,'Cozy Studio en Palermo','Hospedate en la zona más linda de Buenos Aires!',3,2),(19,'Ubicado a solo 700 metros de la playa del Centenario y a menos de 1 km del centro cívico. Se encuentra a 12 km de la bahía Serena y ofrece un mostrador de información turística.\nEl departamento cuenta con 2 dormitorios, TV, cocina equipada con microondas y heladera y baño con bañera. Se proporcionan toallas y ropa de cama.\nEl departamento ofrece servicio de alquiler de equipos de esquí y bicicletas. En las inmediaciones se puede esquiar.','Francisco Pascasio Moreno, 750',-41.13554172963302,-71.29953950818944,7,'Terrazas del Lago','Departamento con wifi gratis y vistas al lago situado en San Carlos de Bariloche.',3,1),(20,'El departamento dispone de 1 dormitorio, TV de pantalla plana, lavarropas, baño con bidet y cocina equipada con microondas y heladera. \nEl alojamiento proporciona toallas y ropa de cama por un adicional.\nEl departamento está a 18 km del Circuito Chico y a 19 km del parque Nahuelito. El aeropuerto más cercano es el de San Carlos de Bariloche, ubicado a 13 km del Espacio Patagonia.','Alberti, 664',-41.137115832940104,-71.32257271756124,10,'Espacio Patagonia','Alojamiento con jardín y patio a unos 2,5 km de Melipal.',3,1),(21,'Este alojamiento ofrece wifi gratis, zona de parrilla y estacionamiento privado gratuito.\nTodos los alojamientos cuentan con zona de estar, TV de pantalla plana con canales por cable y baño privado con secador de pelo, bidet y ducha. \nLa cocina está equipada con microondas, heladera, fogones y hervidor de agua.\nEl departamento se encuentra a 6 km del parque O\'Higgins y de la plaza Independencia.\nEl aeropuerto internacional Gobernador Francisco Gabrielli es el más cercano y queda a 8 km del Caminos del Vino Apartments.','Federico Froebel, 3494',-32.899542247710954,-68.79598723862989,9,'Caminos del Vino Apartments','El lugar ideal desde donde recorrer los viñedos mendocinos.',3,3),(22,'Esta ubicado pocos pasos del centro de la ciudad y de numerosos restaurantes, y ofrece pileta de temporada al aire libre, solárium y zona de parrilla.\n El departamento cuenta con aire acondicionado, diversos tipos de camas, TV por cable y cocina.\n También ofrece wifi gratis y estacionamiento cubierto sin cargo.','Avenida Juan B. Justo, 626',-32.88353972057243,-68.85774422883499,7,'Soltigua Apart Mendoza','Moderno departamento en una tranquila zona residencial de Mendoza.',3,3),(23,'El Vilaut Smart Flat se encuentra en el centro comercial y financiero de Córdoba y cuenta con pileta al aire libre, centro de negocios y wifi gratis.\nLas habitaciones del Vilaut Smart Flat tienen zona de cocina, zona de comedor, baño privado y wifi gratis.\nLa plaza San Martín y la terminal de micros están a 400 metros, mientras que el aeropuerto Ingeniero Taravella queda a 8 km.','Corrientes, 207',-31.41950908045906,-64.1826228,10,'Vilaut Smart Flat','Una opción moderna en el corazón de Córdoba.',3,4),(24,'El establecimiento dispone de terraza, piscina exterior de temporada y jardín.\nSe encuentra en Córdoba, a 1 km de la Manzana Jesuítica, a 1,1 km del centro comercial Patio Olmos y a 1,8 km del centro cívico de Córdoba.\nOfrece WiFi gratuita y aparcamiento privado. Apartamento con aire acondicionado, 1 dormitorio, TV de pantalla plana y cocina con nevera. Se proporcionan toallas y ropa de cama.\nCerca del apartamento hay varios lugares de interés, como la plaza de la Música, el centro de exposiciones municipal Obispo Mercadillo y el Museo Histórico Provincial Marques de Sobremonte.\nEl aeropuerto más cercano es el aeropuerto internacional Ingeniero Aeronáutico Ambrosio L.V. Taravella, ubicado a 11 km del apartamento.','Av. Figueroa Alcorta, 320',-31.409561548111732,-64.19028981583816,8,'Loft con Terraza','Loft dúplex ejecutivo con gran balcón.',3,4),(25,'B&B La Malinka ofrece alojamiento con wifi gratis en San Carlos de Bariloche, a 5 km del centro cívico.\nEl alojamiento se encuentra a 8 km de la estación de esquí de Cerro Catedral y a 7 km de la bahía Serena. Lugares de interés como Circuito Chico y Llao Llao se encuentran a 17 km.\nLas habitaciones del B&B La Malinka tienen baño privado y vistas a las montañas y al lago.\nTodas las mañanas se sirve un desayuno continental, sin gluten o buffet.\nLa zona es ideal para practicar esquí.\nAdemás, esta posada proporciona servicio de alquiler de autos.','Av. Ezequiel Bustillo, 4788',-41.123078125181706,-71.36184285506685,9,'La Malinka Bed & Breakfast','Habitación con baño privado y desayuno a 1 minuto del lago',4,1),(26,'Santa Rita B&B está ubicada frente al lago de Nahuel Huapi, a 7 km del centro y a 12 km del cerro Catedral.\nLas habitaciones de la Hosteria Santa Rita cuentan con calefacción y baño privado.\nEl desayuno está incluido.\nEl alojamiento Santa Rita dispone de zona de playa privada, salón de té y bar.\nSe puede organizar un servicio de lavandería, así como excursiones de pesca y paseos por el parque nacional.La colina de Otho se encuentra a 10 minutos en auto. Se proporciona estacionamiento privado gratuito.','Av. Ezequiel Bustillo, 7200',-41.11952454231354,-71.38950780495423,8,'Santa Rita Bed & Breakfast','Habitaciones con vistas al lago con calefacción y wifi gratis',4,1),(27,'Esta casa típica ofrece habitaciones cómodas con baño privado o compartido a solo 200 metros de la avenida 9 de Julio.\nEl alojamiento se encuentra en el distrito histórico y bohemio de San Telmo y proporciona wifi gratis y desayuno todos los días. Además, se pueden reservar clases de tango.\nEl alojamiento Lina\'s Tango Guesthouse dispone de un patio con plantas y de una zona de estar al aire libre donde se puede servir el desayuno.\nEste hostal, atendido por su dueño, ofrece consigna de equipaje y recomendaciones locales para moverse por la zona.\nEl alojamiento Lina\'s está a 800 metros de la avenida de Mayo y del barrio de moda de Puerto Madero. Se encuentra a solo 700 metros de la reserva ecológica, una gran zona verde de la ciudad por la que se puede pasear y hacer ejercicio entre vegetación nativa.El aeropuerto Jorge Newbery queda a 8 km.','Estados Unidos, 780',-34.618576351270484,-58.37683122945199,6,'Lina\'s Tango Guesthouse','Descubrí Buenos Aires desde el corazón de San Telmo.',4,2),(28,'Este Bed & Breakfast se encuentra en una casa de finales del siglo XIX y ofrece alojamiento moderno que rodea un patio interior. Está a 300 metros de la plaza Martín Fierro de Buenos Aires y de la intersección San Juan y Boedo.El Gotan Posada está a 10 minutos en auto del Microcentro de Buenos Aires y de Puerto Madero, y a 45 minutos en auto del aeropuerto internacional de Ezeiza. El Gotan también ofrece servicio de transfer disponible a pedido.Las habitaciones del Posada Gotan están decoradas con suelo de terracota italiana y calefacción. Algunas de ellas cuentan con balcón privado o ventanas grandes con vistas al patio interior.El alojamiento sirve un desayuno continental al aire libre. Este desayuno incluye café, té, infusiones, chocolate caliente o mate, jugo de naranja, pan o cruasanes y mermelada casera. En el bar se sirven aperitivos y bebidas durante el día. También hay room service.','Sanchez de Loria, 1618',-34.62936506345596,-58.41166371349503,7,'Posada Gotan','Alojate en el mítico barrio de Boedo',4,2),(29,'El refugio ofrece pileta al aire libre, salón compartido, jardín, wifi gratis y vistas al jardín.\nOfrece estacionamiento privado gratuito y se encuentra a 1,3 km de la bodega Masiero Mauricio Y Duilio y a 1,7 km de la bodega Enrique Foster.\nEste bed and breakfast sirve un desayuno a la carta y vegetariano todas las mañanas.\nEl Refugio Padma cuenta con solárium.\nLa bodega Santa Ángela se encuentra a 3,1 km del alojamiento, mientras que la bodega Polo está a 3,2 km. El aeropuerto más cercano es el aeropuerto internacional Gobernador Francisco Gabrielli, ubicado a 20 km del Refugio Padma.','Los Aromos, 1182',-32.991664536577446,-68.87706059629578,10,'Refugio Padma','Contactate con la naturaleza en Ciudad Luján de Cuyo',4,3),(30,'La Posada Chalet de Bassi se encuentra en Godoy Cruz, en la provincia de Mendoza, a 7 km de Mendoza, y ofrece una pileta al aire libre y vistas a la pileta. Hay wifi gratis y estacionamiento privado gratuito.\nTodas las habitaciones incluyen TV por cable. Las habitaciones disponen de hervidor de agua. Todas las habitaciones tienen baño privado.\nLa recepción está abierta las 24 horas.\nEste bed and breakfast proporciona servicio de alquiler de autos.','Cervantes, 1795',-32.947306584759026,-68.84337793150053,10,'Posada Chalet de Bassi','La Posada Chalet de Bassi se encuentra a 32 km de Potrerillos y a 5 km de Chacras de Coria. El aeropuerto más cercano es el de El Plumerillo, situado a 14 km de la Posada Chalet de Bassi.',4,3),(31,'La Casa Woppa ofrece un solárium y vistas a la ciudad en Córdoba, provincia de Córdoba, a 300 metros del centro comercial Patio Olmos. Hay estacionamiento privado y WiFi gratis en todas las instalaciones.\nLas habitaciones tienen TV de pantalla plana, set de té y café y terraza o balcón. Incluyen un baño compartido con bañera.\nEl establecimiento alberga un salón compartido.','Ayacucho, 316',-31.418030552982685,-64.19115407573561,8,'Casa Woppa','La Casa Woppa se encuentra a 400 metros de la Manzana Jesuítica y a 600 metros de la catedral de Córdoba.',4,4),(32,'El Hostel Joven Casa Reggae está situado en el centro de Córdoba y ofrece habitaciones cómodas con conexión wifi gratis y zona de parrilla al aire libre.\nLas habitaciones del Casa Reggae Hostel Joven son sencillas pero confortables. Incluyen baño privado o compartido y ventilador de techo.\nEl hostel cuenta con recepción las 24 horas, salón común muy animado, bar pequeño, sala de juegos bien equipada con mesa de mesa de pool, servicio de alquiler de bicicletas y servicio de masajes, a pedido y por un adicional.','La Tablada, 414',-31.407333886615618,-64.18670218359192,4,'Hostel Joven casa Reggae','El aeropuerto internacional Ingeniero Aeronáutico Ambrosio L.V. Taravella es el más cercano y queda a 59 km.',4,4);
/*!40000 ALTER TABLE `productos` ENABLE KEYS */;
UNLOCK TABLES;

--
-- Table structure for table `reserva_sequence`
--

DROP TABLE IF EXISTS `reserva_sequence`;
/*!40101 SET @saved_cs_client     = @@character_set_client */;
/*!50503 SET character_set_client = utf8mb4 */;
CREATE TABLE `reserva_sequence` (
  `next_val` bigint DEFAULT NULL
) ENGINE=InnoDB DEFAULT CHARSET=utf8mb4 COLLATE=utf8mb4_0900_ai_ci;
/*!40101 SET character_set_client = @saved_cs_client */;

--
-- Dumping data for table `reserva_sequence`
--

LOCK TABLES `reserva_sequence` WRITE;
/*!40000 ALTER TABLE `reserva_sequence` DISABLE KEYS */;
INSERT INTO `reserva_sequence` VALUES (94);
/*!40000 ALTER TABLE `reserva_sequence` ENABLE KEYS */;
UNLOCK TABLES;

--
-- Table structure for table `reservas`
--

DROP TABLE IF EXISTS `reservas`;
/*!40101 SET @saved_cs_client     = @@character_set_client */;
/*!50503 SET character_set_client = utf8mb4 */;
CREATE TABLE `reservas` (
  `id` bigint NOT NULL,
  `fecha_fin_reserva` date DEFAULT NULL,
  `fecha_inicio_reserva` date DEFAULT NULL,
  `producto_id` bigint NOT NULL,
  PRIMARY KEY (`id`),
  KEY `FKemr5mamcwq9ui20y08devm32q` (`producto_id`),
  CONSTRAINT `FKemr5mamcwq9ui20y08devm32q` FOREIGN KEY (`producto_id`) REFERENCES `productos` (`id`)
) ENGINE=InnoDB DEFAULT CHARSET=utf8mb4 COLLATE=utf8mb4_0900_ai_ci;
/*!40101 SET character_set_client = @saved_cs_client */;

--
-- Dumping data for table `reservas`
--

LOCK TABLES `reservas` WRITE;
/*!40000 ALTER TABLE `reservas` DISABLE KEYS */;
INSERT INTO `reservas` VALUES (1,'2022-06-15','2022-06-10',1),(2,'2022-06-25','2022-06-20',1),(3,'2022-07-30','2022-07-26',1),(4,'2022-06-15','2022-06-10',2),(5,'2022-06-25','2022-06-20',2),(6,'2022-07-09','2022-07-06',2),(7,'2022-06-20','2022-06-15',3),(8,'2022-06-25','2022-06-21',3),(9,'2022-07-10','2022-07-06',3),(10,'2022-06-25','2022-06-20',4),(11,'2022-06-30','2022-06-26',4),(12,'2022-07-10','2022-07-06',4),(13,'2022-06-25','2022-06-20',5),(14,'2022-06-30','2022-06-26',5),(15,'2022-07-10','2022-07-06',5),(16,'2022-06-15','2022-06-10',6),(17,'2022-06-25','2022-06-20',6),(18,'2022-06-30','2022-06-26',6),(19,'2022-06-15','2022-06-10',7),(20,'2022-06-25','2022-06-20',7),(21,'2022-06-30','2022-06-26',7),(22,'2022-06-20','2022-06-15',8),(23,'2022-06-30','2022-06-25',8),(24,'2022-07-15','2022-07-10',8),(25,'2022-08-24','2022-08-07',9),(26,'2022-07-12','2022-06-19',9),(27,'2022-09-18','2022-09-01',9),(28,'2022-06-17','2022-05-31',10),(29,'2022-07-16','2022-07-01',10),(30,'2022-07-29','2022-07-16',10),(31,'2022-07-16','2022-06-24',11),(32,'2022-07-30','2022-06-17',11),(33,'2022-09-06','2022-08-29',11),(34,'2022-06-15','2022-06-07',12),(35,'2022-06-30','2022-06-25',12),(36,'2022-07-28','2022-07-19',12),(37,'2022-06-10','2022-06-01',13),(38,'2022-06-26','2022-06-19',13),(39,'2022-07-12','2022-07-05',13),(40,'2022-06-10','2022-06-07',14),(41,'2022-06-30','2022-06-25',14),(42,'2022-07-18','2022-07-09',14),(43,'2022-07-05','2022-06-21',15),(44,'2022-07-28','2022-07-19',15),(45,'2022-06-30','2022-06-20',16),(46,'2022-07-16','2022-07-01',16),(47,'2022-07-27','2022-07-12',17),(48,'2022-06-17','2022-06-10',17),(49,'2022-06-17','2022-06-10',17),(50,'2022-07-28','2022-07-05',18),(51,'2022-06-28','2022-06-20',18),(52,'2022-07-03','2022-07-01',18),(53,'2022-08-12','2022-08-01',19),(54,'2022-06-18','2022-06-12',19),(55,'2022-07-20','2022-07-08',19),(56,'2022-06-17','2022-06-07',20),(57,'2022-07-02','2022-06-19',20),(58,'2022-07-28','2022-07-19',20),(59,'2022-06-20','2022-06-14',21),(60,'2022-07-08','2022-06-29',21),(61,'2022-07-20','2022-07-10',21),(62,'2022-07-28','2022-07-18',22),(63,'2022-06-23','2022-06-19',22),(64,'2022-08-05','2022-07-29',22),(65,'2022-06-12','2022-06-01',23),(66,'2022-07-01','2022-06-23',23),(67,'2022-07-15','2022-07-08',23),(68,'2022-07-24','2022-07-17',23),(69,'2022-07-13','2022-07-05',24),(70,'2022-07-01','2022-06-19',24),(71,'2022-08-11','2022-08-02',24),(72,'2022-07-12','2022-07-05',25),(73,'2022-07-21','2022-07-14',25),(74,'2022-06-27','2022-06-20',25),(75,'2022-08-03','2022-07-22',26),(76,'2022-07-20','2022-07-12',26),(77,'2022-07-05','2022-06-30',26),(78,'2022-07-13','2022-07-10',27),(79,'2022-07-26','2022-07-18',27),(80,'2022-07-07','2022-06-30',27),(81,'2022-07-08','2022-07-03',28),(82,'2022-07-19','2022-07-11',28),(83,'2022-07-01','2022-06-25',28),(84,'2022-06-17','2022-06-10',29),(85,'2022-07-11','2022-07-04',29),(86,'2022-06-25','2022-06-21',29),(87,'2022-06-12','2022-06-02',30),(88,'2022-06-28','2022-06-13',30),(89,'2022-07-25','2022-07-05',30),(90,'2022-06-28','2022-06-15',31),(91,'2022-07-19','2022-07-10',31),(92,'2022-08-09','2022-08-01',31),(93,'2022-06-30','2022-06-02',32);
/*!40000 ALTER TABLE `reservas` ENABLE KEYS */;
UNLOCK TABLES;

--
-- Table structure for table `tipo_de_politcas`
--

DROP TABLE IF EXISTS `tipo_de_politcas`;
/*!40101 SET @saved_cs_client     = @@character_set_client */;
/*!50503 SET character_set_client = utf8mb4 */;
CREATE TABLE `tipo_de_politcas` (
  `id` bigint NOT NULL,
  `nombre_tipo_politica` varchar(255) DEFAULT NULL,
  PRIMARY KEY (`id`)
) ENGINE=InnoDB DEFAULT CHARSET=utf8mb4 COLLATE=utf8mb4_0900_ai_ci;
/*!40101 SET character_set_client = @saved_cs_client */;

--
-- Dumping data for table `tipo_de_politcas`
--

LOCK TABLES `tipo_de_politcas` WRITE;
/*!40000 ALTER TABLE `tipo_de_politcas` DISABLE KEYS */;
INSERT INTO `tipo_de_politcas` VALUES (1,'Normas'),(2,'Seguridad'),(3,'Cancelacion');
/*!40000 ALTER TABLE `tipo_de_politcas` ENABLE KEYS */;
UNLOCK TABLES;

--
-- Table structure for table `tp_sequence`
--

DROP TABLE IF EXISTS `tp_sequence`;
/*!40101 SET @saved_cs_client     = @@character_set_client */;
/*!50503 SET character_set_client = utf8mb4 */;
CREATE TABLE `tp_sequence` (
  `next_val` bigint DEFAULT NULL
) ENGINE=InnoDB DEFAULT CHARSET=utf8mb4 COLLATE=utf8mb4_0900_ai_ci;
/*!40101 SET character_set_client = @saved_cs_client */;

--
-- Dumping data for table `tp_sequence`
--

LOCK TABLES `tp_sequence` WRITE;
/*!40000 ALTER TABLE `tp_sequence` DISABLE KEYS */;
INSERT INTO `tp_sequence` VALUES (4);
/*!40000 ALTER TABLE `tp_sequence` ENABLE KEYS */;
UNLOCK TABLES;
/*!40103 SET TIME_ZONE=@OLD_TIME_ZONE */;

/*!40101 SET SQL_MODE=@OLD_SQL_MODE */;
/*!40014 SET FOREIGN_KEY_CHECKS=@OLD_FOREIGN_KEY_CHECKS */;
/*!40014 SET UNIQUE_CHECKS=@OLD_UNIQUE_CHECKS */;
/*!40101 SET CHARACTER_SET_CLIENT=@OLD_CHARACTER_SET_CLIENT */;
/*!40101 SET CHARACTER_SET_RESULTS=@OLD_CHARACTER_SET_RESULTS */;
/*!40101 SET COLLATION_CONNECTION=@OLD_COLLATION_CONNECTION */;
/*!40111 SET SQL_NOTES=@OLD_SQL_NOTES */;

-- Dump completed on 2022-06-05 23:45:29
